reportingOwnerName:ID(Owner){label:Owner},:LABEL
Wagner Heidi L,Owner
BUZBY TIMOTHY L,Owner
BRUGGER THOMAS R,Owner
Khosla Victor,Owner
Grant James Preston III,Owner
Okumus Fund Management Ltd.,Owner
WHITING MACAULEY JR,Owner
RESCH ERIC,Owner
Ott Robert J,Owner
MERKT STEVEN T,Owner
Donahue Joseph B,Owner
CALASTRI MARIO,Owner
SORZANO JOSE S,Owner
Roberts Eric W,Owner
Bott Julian Mark,Owner
SANDVOLD TORE I,Owner
CRUTCHER BRIAN T,Owner
Waters Stephen M,Owner
Ayres W Dillaway JR,Owner
KUENSTNER DEBORAH F,Owner
Morton John III,Owner
GUYAUX JOSEPH C,Owner
Stevenson Kimberly S,Owner
FRIEDMAN LOUIS S,Owner
Walsh Charles H.,Owner
PEARL BARRY R,Owner
OBrien Christopher Flint,Owner
Baron Collin P,Owner
"Delek US Holdings, Inc.",Owner
Howe Richard K,Owner
RUPP JOSEPH D,Owner
Cooke Dennis C,Owner
Canterbury Park Holding Corp,Owner
JOHNELLE HUNT LLC,Owner
Freeman Thomas E,Owner
Woods Duane C.,Owner
WOODS JACQUELINE F,Owner
Lau Timothy J,Owner
Hickey Scott,Owner
Vinecombe Nigel A,Owner
ELIASSEN JON E,Owner
Kallsen Terri R,Owner
MARTIN CECIL E JR,Owner
Clark Donald Jeff,Owner
DOERR L JOHN,Owner
VerNooy David S,Owner
Shanbhag Manish,Owner
Carter George P,Owner
HATFIELD DAVID P,Owner
BENDER ANTHONY J,Owner
Dunlaevy James Williar,Owner
Dreyer Michael L,Owner
Ledford Andrea,Owner
Layman John R,Owner
PAINTER ROBERT G,Owner
BRENNEMAN GREGORY D,Owner
McDowell Glenn,Owner
Dunn Steve P.,Owner
NAPOLITANO JASON A,Owner
McGinley Michael J,Owner
Johnson Keith,Owner
Ferrero James,Owner
Larsen Kenneth A,Owner
Wallace Bruce,Owner
GARCIA-MOLINA HECTOR,Owner
BALL LAWRENCE J,Owner
Mulleady John,Owner
PERRY BARRY W,Owner
JONES D MICHAEL,Owner
Kelley Scot A.,Owner
Kerin Andrew Charles,Owner
NICHOLAS JAMES B,Owner
LARSON KENNETH R,Owner
Bloomstein Daniel S,Owner
Ellison Tom,Owner
Houser John D,Owner
Kelley Stephen Douglas,Owner
Harrington Michael W,Owner
Sheldon Sandra J,Owner
CULLIGAN THOMAS M,Owner
Robertson Wilbur A,Owner
CONRAD PETER J,Owner
Theodosopoulos Nikos,Owner
Klaue David A,Owner
Wyatt D R,Owner
ORRICO BRENT A,Owner
Donnino Michael Francis,Owner
SMITH MICHAEL MARION,Owner
ADAMS ROBERT D,Owner
BAKER LLOYD W,Owner
Maddox Edward L,Owner
Scanlon Neil,Owner
PATRICK STEPHEN C,Owner
HANSON JOHN NILS,Owner
MCDONALD R BRUCE,Owner
GALLOWAY DAVID A,Owner
Brinkworth Douglas,Owner
SCHIEBER PAUL W JR,Owner
Bomhard Britta,Owner
Chambers Caroline M,Owner
Jois Ganesh,Owner
Castleman Michael S,Owner
Jasper Thomas W,Owner
Rens Nick,Owner
Plant Tommy G,Owner
Van Kirk Steven Richard,Owner
Newcity Michael E,Owner
Cromie Sean,Owner
Ramsey John S Jr,Owner
HAQ MAHMUD UL,Owner
Fleming Bruce A,Owner
Hugh Redd,Owner
ROESER Joachim,Owner
Boockvar Peter,Owner
GUERRERO JUAN,Owner
Scott Walter S.,Owner
Caldwell Jeremy S,Owner
Melone Anthony J.,Owner
LORBER HOWARD M,Owner
DAVID A. SWINGHAMER GRAT,Owner
PORTER WILLIAM,Owner
GOLDFIELD BURTON,Owner
LIDGARD GRAHAM PETER,Owner
Conroy Kevin T,Owner
ARORA MANEESH,Owner
"PW Partners Atlas Fund III, LP",Owner
Cappasola John D. Jr.,Owner
Korkus Ohad,Owner
Faitelson Yakov,Owner
Kliem Jurgen,Owner
LACOMBE PHILLIP E,Owner
Montana Margaret C,Owner
Vaswani Raj,Owner
Stynes Theresa,Owner
Reeves Donald L. III,Owner
Lang Scott A.,Owner
Gianella Kenneth P.,Owner
DUFF ANDREW S,Owner
Bell Michael,Owner
Arnold Richard S. Jr.,Owner
Schoneman Debbra L.,Owner
Yang Patrick Y,Owner
Schultz Nathan J.,Owner
Osier Michael A.,Owner
GEIGER CHARLES,Owner
NORDSTROM BLAKE W,Owner
REARDON ANTHONY J,Owner
Bobb George C III,Owner
Irvin Jon,Owner
Bergman Judson,Owner
YEUTTER CLAYTON K,Owner
Rudisill McAndrew,Owner
WEBSTER STEVEN A,Owner
Herlin Robert S,Owner
Brown Stuart B,Owner
Deutsch Scott,Owner
Coates Joshua L.,Owner
HENRY FREDERICK B,Owner
COOK WILLIAM M,Owner
Boyd Steven C,Owner
Swisher Stephen R,Owner
MCNAMARA KEVIN M,Owner
Lower Joseph T,Owner
Kuglin Michael,Owner
SLOTNIK JOSEPH J,Owner
STIVALA MICHAEL A,Owner
COLLINGSWORTH JAMES M,Owner
KRIMBILL H MICHAEL,Owner
Newman Mark,Owner
Simon Kenneth Jay,Owner
SCHLANGER DANIEL K,Owner
MONZON GILBERTO,Owner
Lucy Patrick K.,Owner
Guilbault Pierre G,Owner
Muratta Lori M,Owner
BOCK WILLIAM G,Owner
ROSENSWEIG DANIEL,Owner
Lem Esther,Owner
BROWN ANDREW J,Owner
Hollis Richard Dean,Owner
Khan Ahmad A.,Owner
BARBER KEVIN D,Owner
Gould William David,Owner
FINNERAN JOHN G JR,Owner
Keenan James,Owner
LEVIN WAYNE,Owner
MCCUTCHEON S. CRAIG,Owner
LUTNICK HOWARD W,Owner
Stretch Leslie,Owner
LACOB JOSEPH,Owner
Forrest Frank R.,Owner
FARNSWORTH RON L,Owner
DAVIS RAYMOND P,Owner
Leonard James C.,Owner
Borton Chad M,Owner
Engelkes Jack,Owner
Leon Guerrero Eugenia Aflague,Owner
Steuart John,Owner
COHN GARY D,Owner
Martell Frank,Owner
Day Paulee C,Owner
RICHARDSON DEBRA J,Owner
COOPER EDITH W,Owner
MCDONALD WESLEY S,Owner
ROGERS JOHN F.W.,Owner
MCGILL WILLIAM H JR,Owner
Surface John S,Owner
Oglesby Charles R,Owner
VINIAR DAVID A,Owner
KORZEKWINSKI FRANCIS W,Owner
VERNAL SHAUNA L,Owner
Borst George E,Owner
WOODMAN DEAN S,Owner
RUDNICK SETH,Owner
Steen Michael,Owner
Marino Robin L,Owner
JONES RENE F,Owner
HARTNETT MICHAEL J,Owner
ROWLAND WILLIAM S,Owner
Flatt William R,Owner
FRIEDMAN PHILIP,Owner
Lucke James T,Owner
Shak Steven,Owner
GORDON JOHN R,Owner
Ligotti David,Owner
ORACLE CORP,Owner
BESSETTE ANDY F,Owner
WHITMORE BRADFORD T,Owner
Jermain Patrick John,Owner
MOSCH JAMES G,Owner
Guidroz Elaine,Owner
Lakkaraju Roop Kalyan,Owner
DAVIS RICHARD K,Owner
CRISP CHARLES R,Owner
Anderson Judy,Owner
Offerdahl James,Owner
Keefe Daniel J,Owner
PEHL MICHAEL F.,Owner
Murphy Brian,Owner
Bellairs Chris,Owner
Duan Jimmy,Owner
SMITH SAMANTHA S.,Owner
GOTTWALD THOMAS E,Owner
Rosman Adam L.,Owner
Driscoll Edward C. Jr.,Owner
BOTHA ROELOF,Owner
Cassella Anthony E. Jr.,Owner
McGill William B,Owner
MCLAMB MICHAEL H,Owner
King Luther Jr,Owner
Watters Joseph Allen,Owner
Moore Clint,Owner
FOLLIT EVELYN V,Owner
BURNS M MICHELE,Owner
Leeson Lorie,Owner
GULF FIVE LLC,Owner
NILES WILLIAM E,Owner
RADY PAUL M,Owner
Warren Glen C Jr,Owner
Causey Keith,Owner
FRIEND DAVID,Owner
Santana Ralph,Owner
Jasper Thomas F,Owner
William A Anderson,Owner
Whited Gary L,Owner
WALWORTH CHARLES B,Owner
Garrett W.H. Baird,Owner
McCarthy Shane,Owner
Schmitt Susan,Owner
adams kenneth robert,Owner
Powell Cynthia B,Owner
Abels Edward E. Jr.,Owner
CLEMENT JAMES BOND,Owner
MIXON ART M III,Owner
GOODSON CHARLES T,Owner
Nelson Bradley M.,Owner
Jones Wilson R,Owner
Bryant John J,Owner
Johnson James W.,Owner
Douglas Robert Andrew,Owner
RICHARDS MARK W,Owner
Hoyt Richard M,Owner
BARNES JOHN P,Owner
Long John D.,Owner
Gleason John J,Owner
Doyle James J Jr,Owner
SLOATE LAURA J,Owner
Burman Darryl M,Owner
Westman David,Owner
Meade Marc,Owner
Trautmann Robert E,Owner
Franklin Jerry,Owner
Urdang E Scott,Owner
KICK RICHARD,Owner
Vitto Vincent,Owner
Mirosh Walentin,Owner
LEE SPENCER S,Owner
NOETZLI HANS C,Owner
SMALL MICHAEL,Owner
Willett Robert,Owner
RICHARD D. CORAINE 2012 FAMILY TRUST,Owner
CORAINE RICHARD D,Owner
Janofsky Christine A,Owner
Fuller Wilford H.,Owner
Solon Kenneth S.,Owner
STERN JAMES F,Owner
Kloosterboer Jay L,Owner
Ferry Kenneth M,Owner
Fox William A. III,Owner
VANDERMEULEN KENDRA,Owner
Taylor Julie R.,Owner
Goldman Roger,Owner
NICKLES ALLEN R,Owner
Clouse Mark A.,Owner
CATHCART RICHARD J,Owner
Best Tyler,Owner
KLOSK STEVEN M,Owner
SARGEN GREGORY,Owner
Roame Charles,Owner
Wilson Brett,Owner
Johnston Cesar,Owner
SAUNDERS BARNEY,Owner
JOHNSON JAMES ALGOT,Owner
SMITH RICHARD A,Owner
Valenti Douglas,Owner
SELF DENNIS D.,Owner
Fanger Lewis A.,Owner
SASS DOUGLAS H,Owner
Frost Houston Korth,Owner
Loeb Daniel S,Owner
Nerenhausen Frank R.,Owner
KIMMITT JOSEPH H,Owner
Cortina Ignacio A,Owner
MILLER MARK J,Owner
BARCLAY ALYSON S,Owner
JENKINS-STARK JACK,Owner
SCAGLIONE DIEGO ANTHONY,Owner
Buckingham Lisa,Owner
KONEN MARK E,Owner
Hicks Timothy D,Owner
Carter Tim,Owner
BURNS JOE E,Owner
Jablin Burton F,Owner
DECIO ARTHUR J,Owner
Hamilton Terrence,Owner
Coblentz Julian L,Owner
Ungerman Marc,Owner
Goodman Harvey Michael,Owner
Murawski James L,Owner
KNIGHT GLADE M,Owner
BROWN GARY N,Owner
BENHAM DOUGLAS N,Owner
DREILING RICHARD W,Owner
Wong Gregory,Owner
Collins Martin J,Owner
Brooks Peter,Owner
CHIVAVIBUL SOMSAK,Owner
Bhanap Nina,Owner
Waksal Harlan,Owner
KANE JOHN M,Owner
MAHONEY DAVID L,Owner
GRACE JEFFREY C,Owner
Campbell Michael Jerome,Owner
Jones Christopher L.,Owner
BALDWIN ROBERT,Owner
BELANOFF JOSEPH K,Owner
WILSON JAMES N,Owner
Schreuder Jana R,Owner
Potter Stephen N,Owner
MORRISON WILLIAM L,Owner
Osrow Douglas,Owner
MORRISSEY MICHAEL M,Owner
SCHWAB GISELA MD,Owner
ACCIPITER LIFE SCIENCES FUND OFFSHORE LTD,Owner
HOFFMAN GABE,Owner
"Stone House Capital Management, LLC",Owner
Schreiner Joseph,Owner
Murtagh Nigel J,Owner
Carter Adam,Owner
Mangan Pete J,Owner
TEICHMANN DAVID,Owner
Phillips Joy L,Owner
Lombardi Brandon F.,Owner
Lew Jennifer,Owner
KREIDER JOHN R,Owner
VARELA AMELIA,Owner
BUTITTA CYNTHIA M,Owner
SWINNEY ROBERT S,Owner
CROOKE STANLEY T,Owner
Lavish James A.,Owner
BENNETT C FRANK,Owner
MCGRAW JULIE A,Owner
Schwegman Donald W,Owner
Gruber Gary J,Owner
Mercurio Anthony J,Owner
Monda Gary N,Owner
Gonzales Arthur J,Owner
ROSENTHAL NORMAN L,Owner
Phillips Terry E,Owner
Oracle Associates LLC,Owner
Denzer Patrick J,Owner
Michelson David W,Owner
Spachman Alan R,Owner
MILLS KEVIN J,Owner
Chambers Elizabeth Grace,Owner
Consul Joseph C,Owner
HENRIE MICHAEL SHANE,Owner
MAIN SUE,Owner
CABRERA CHRISTOPHER,Owner
Anderson John Charles,Owner
Crawford Gordon,Owner
Rhode Jason P,Owner
Fritch Herbert A,Owner
Markowitz Sean Nathaniel,Owner
Carter John Crawford,Owner
Williams Douglas M.,Owner
Sherman Jeffrey Scott,Owner
Wagner Semone,Owner
GORMAN JAMES P,Owner
HU LIMIN,Owner
WOLFINGER F MARK,Owner
Lodge C. Brock Jr.,Owner
O Donnell Kelly,Owner
Kytomaa Harri,Owner
LARSON BRIAN A,Owner
Cohen Mark Alexander,Owner
INGLESE MICHAEL,Owner
Dougherty Greg,Owner
Haynes James Douglas,Owner
Drexler Ryan Charles,Owner
Curtis Alan R,Owner
Consolino Joseph E,Owner
Brichler Ronald J,Owner
Cholnoky I John,Owner
Larson Donald D,Owner
Cibik Melanie Susan,Owner
"Wintergreen Advisers, LLC",Owner
HEUVELEN JOHN VAN,Owner
MCANDREW STEPHEN J,Owner
LUCIA WILLIAM C,Owner
South Teresa,Owner
Nustad Cynthia,Owner
Haralson Scott,Owner
BROWN JEFFREY J,Owner
Buesinger Robert F.,Owner
"Essent Intermediate, L.P.",Owner
Pitts Gregory C.,Owner
SWEDISH JOSEPH,Owner
PETRELLA VINCENT K,Owner
BRODY MARK S,Owner
HOUGH G. THOMAS,Owner
CHADWICK ROBERT E,Owner
GRIER MARK B,Owner
Schoonover Mark Alan,Owner
FALZON ROBERT,Owner
MAXWELL MARTIN C,Owner
Axel Robert,Owner
TISCHHAUSER THOMAS J,Owner
Bacchus Judith L,Owner
SULLIVAN DIANE M,Owner
Lopresti Angelo P,Owner
OCONNOR A BRUCE,Owner
COHEN ALAN M,Owner
Berle Dolf A,Owner
McPherson Larry,Owner
KESLER STEVEN D,Owner
Michael Lipscomb S,Owner
BAR ROSELYN R,Owner
Ganske Lyle G.,Owner
LAWLIS V BRYAN,Owner
BYRD DARYL G,Owner
Webb Jan C,Owner
DICKINSON DANIEL M,Owner
Ward Carol A,Owner
Laparte Jose Luis,Owner
BENN DOUG,Owner
Ceiley Glen,Owner
HONEYCUTT VAN B,Owner
Wenger E Philip,Owner
Kempner Michael W,Owner
Bricker Jude,Owner
Williams Patrick,Owner
Emerich Kirk J,Owner
Grunst Martin E,Owner
Maun Marc,Owner
McCurdy Kay W,Owner
JOHNSON DAVID S,Owner
ALEXANDER R DENNY,Owner
BRILL JAMES L,Owner
MONMOUTH REAL ESTATE INVESTMENT CORP,Owner
Rickel John C,Owner
Melhem Elie,Owner
Reiser Anne,Owner
CRUMLISH ARTHUR W,Owner
Farrell Michael J.,Owner
Westbrook Bennett D,Owner
Sheldon Scott,Owner
Altmeyer John W,Owner
Macadam Stephen E.,Owner
Kovacs Kevin,Owner
Valashinas Sean C,Owner
CLANCIA LAWRENCE J,Owner
Marusak Thomas J,Owner
BERLIN STEVEN R,Owner
Toomy Kevin W,Owner
Rusmisel Stephen R,Owner
Misheff Donald T,Owner
KLEISNER TED,Owner
STRINGER GEOFFREY L,Owner
Long Brady K,Owner
Taylor Wayne Kent,Owner
Fiala Robert A,Owner
BROWN DAVID CAULKINS,Owner
IGUCHI KIMI,Owner
Martinez Alberto R,Owner
DeVinck Steven Q,Owner
Kreger Jeffrey M,Owner
HASKE TERRY L,Owner
WEAVER DORENDA K,Owner
JOHNSON RICHARD E,Owner
CATLOW WALTER S,Owner
Gosbee George Frederick John,Owner
JOHNSON JULIA L,Owner
Kruger Tommie,Owner
DAVIS CLAUDE E,Owner
Barrett George S,Owner
Scripps Cynthia J,Owner
SCRIPPS EDWARD W,Owner
FEARON RICHARD H,Owner
CRAIG ARNOLD,Owner
FIX WARREN D,Owner
CLOUGH WILLIAM J,Owner
GOLDEN CHARLES E,Owner
Garland Greg C.,Owner
Clyde R Andrew,Owner
BAUER FRED D,Owner
HILTZ L THOMAS,Owner
Stallings James B JR,Owner
BEKENSTEIN JOSHUA,Owner
Hussain Aamir,Owner
ROBARDS KAREN P,Owner
Hague Ian,Owner
SELWOOD ROBERT,Owner
Timmons Kevin L,Owner
MURREN JAMES,Owner
GASPARINI LAURA A,Owner
BVP VII SPECIAL OPPORTUNITY FUND LP,Owner
Tremallo Mark V B,Owner
ALDRICH DAVID J,Owner
HOHENER JOHN W,Owner
Goren David,Owner
Pickle Paul H,Owner
Azelby Robert,Owner
Russo Carl,Owner
STADIUM CAPITAL QUALIFIED PARTNERS LP,Owner
MEHRABIAN ROBERT,Owner
Johnson Esther,Owner
Gottwald Donald S.,Owner
Cervantes de Burgreen Maria,Owner
SEAVER ALEXANDER M,Owner
STADIUM CAPITAL MANAGEMENT LLC,Owner
Blair Scott G,Owner
SAMUELI HENRY,Owner
McEachern Douglas James,Owner
GEORGE EDWARD S,Owner
BANY SARAH,Owner
Roberts David E Jr,Owner
FRIEDERY JOHN R,Owner
DELLY GAYLA J,Owner
Panos E David,Owner
King William Walter,Owner
St Clair Joyce,Owner
PLUMMER WILLIAM B,Owner
MCAULEY BRIAN,Owner
GEORGENS THOMAS,Owner
MAYDAN DAN,Owner
HAQUE PROMOD,Owner
Zwerdling Jeffrey M.,Owner
Bourdow Carrie L.,Owner
West Lawrence,Owner
MOORE A BRUCE JR,Owner
Callahan Don,Owner
FRIES MICHAEL T,Owner
JOHNSEN CONSTANCE,Owner
Sundaram Suresh,Owner
Fowler Craig A.,Owner
SIMMONS L E,Owner
Ellison George G,Owner
MUTRYN THOMAS A,Owner
SCHMITT ANDREW B,Owner
HEISLER ROBERT B JR,Owner
CONARD EDWARD,Owner
Cohen David Alan,Owner
LAIKIN ROBERT J,Owner
Stewart Leonard JR,Owner
Sawikin Harvey,Owner
Bessemer Venture Partners VII L.P.,Owner
Bessemer Venture Partners VII Institutional L.P.,Owner
Sullivan James,Owner
Stifel Richard G,Owner
SCHENK JOSEPH A,Owner
Harlan Joe E,Owner
Elsenhans Lynn Laverty,Owner
HARRINGTON KURT R,Owner
BROWN STEWART J,Owner
NESTOR O. RIVERA,Owner
McGowan Carl B. Jr.,Owner
Wimbush Lawrence Keith,Owner
GAULKE MICHAEL R,Owner
Coffey Timothy P,Owner
Dercks Rick,Owner
Warren Denise,Owner
GOULD PAUL A,Owner
Wiltshire Andrew G.,Owner
Ingram James A,Owner
Kennedy John F,Owner
LOGUE JOSEPH,Owner
Symson Adam,Owner
Knutson Lisa A,Owner
Chariag Belgacem,Owner
Schuele Craig,Owner
Gaffney Paul G,Owner
Jacobsen S. Chris,Owner
Grayson David J,Owner
BRINKMAN DALE T,Owner
Taylor Nicholle Renee,Owner
PACE DAVID,Owner
Jensen Peder,Owner
RILEY RICHARD T,Owner
Ramirez Michael F.,Owner
MERKATORIS SUSAN L,Owner
Kerins Sean J,Owner
Keenan Timothy J,Owner
Runnels Kenneth C,Owner
STURDIVANT FREDERICK D,Owner
Roberts James Hildebrand,Owner
OKI GEORGE SAMUEL,Owner
WEST ALFRED P JR,Owner
MUNDHEIM ROBERT H,Owner
LAKE CHRISTOPHER H,Owner
Earhart Cynthia C,Owner
Cooper Ellen,Owner
HIXON JAMES A,Owner
Merrill Eliot P.S.,Owner
Paine Ronald Allan,Owner
Mahatme Sandesh,Owner
Ruff Shamim,Owner
Conlin Matthew,Owner
MISTRETTA JOHN J,Owner
BOOR ANTHONY W,Owner
Wyatt Christopher F.,Owner
ANDERSON DAVID GWIN,Owner
Englebright Jane D.,Owner
McKelvey James Morgan Jr.,Owner
LANZA LUCIO,Owner
Lawlor Brian G.,Owner
Appleton William,Owner
Mackenzie Jeffrey Eric,Owner
BUBECK JAMES,Owner
BOOTH THOMAS W,Owner
Westerhold Mary,Owner
CRITELLI MICHAEL J,Owner
Lewis Clyde H,Owner
Riesbeck Robert James,Owner
BELL SAM P,Owner
MILLESON JOHN R,Owner
Dawson Pat D,Owner
Irvine John J. III,Owner
Howton David T,Owner
Squires Stephen,Owner
Kaye Edward M. MD,Owner
Tressel Ellen J,Owner
WAYSON DANIEL BOONE,Owner
MADSEN KENT,Owner
Schneider David,Owner
HALL THOMAS S,Owner
Covert Richard,Owner
Thompson Stephen S.,Owner
Bogich Ted,Owner
BOWER JOSEPH I,Owner
SCIMECA CHARLES J,Owner
Griffiths Gary A,Owner
ANDREWS NIGEL T,Owner
BOYD WILLIAM S,Owner
SMITH KEITH,Owner
GLASS DENNIS R,Owner
RABIN EDWARD W,Owner
Kintzel JoAnn,Owner
Schatzman Randall C,Owner
Spaulding Anthony R.,Owner
Hunsberger Susan,Owner
Capossela Christopher C,Owner
Jensen Keith,Owner
Mackaness James H,Owner
STARK JAMES R,Owner
MURABITO JOHN M,Owner
GILLETTE ROBERT J,Owner
Chung Paul W,Owner
ProQuest Financial LLC,Owner
ProQuest Associates IV LLC,Owner
HALL BRYAN H,Owner
DVORAK BERNARD G,Owner
"ValueAct Capital Management, LLC",Owner
"ValueAct Holdings GP, LLC",Owner
BOLDUC JOHN,Owner
Plotkin Chad,Owner
BECKER DOUGLAS L,Owner
STAFFORD HARRISON II,Owner
HETHERINGTON SETH V,Owner
DAVERN ALEXANDER M,Owner
CARTER JOHN C,Owner
NOLAN ROBERT CALVERT,Owner
EBERLE ROBERT A,Owner
Burbach Michael,Owner
de Cardenas Jorge,Owner
Ochrym Robert G,Owner
NAGY M NAFEES,Owner
Leap Arnold P,Owner
WILSON CHRISTOPHER J,Owner
HERSHEY TRUST CO TRUSTEE IN TRUST FOR MILTON HERSHEY SCHOOL,Owner
Morris Michael,Owner
Casal Edward Manuel,Owner
DWORKEN DUDLEY D,Owner
BRAND DENNIS L,Owner
Colombo Russell A,Owner
ALIAS PATRICK,Owner
Turner Leslie M,Owner
EFSTRATIS NICK,Owner
McGee Daniel,Owner
LIPPMAN MARC E,Owner
MCDUFFIE ANTHONY D,Owner
Greenstreet Michelle M,Owner
Mizrachi Orit,Owner
WADECKI ISABELL MARIE,Owner
Levin Jeffrey,Owner
Lagano Roxanne,Owner
Runyan Mary Kay,Owner
MORREALE CHARLES A,Owner
SCHREIBER ALAIN,Owner
MOORIN JAY,Owner
"ValueAct Capital Management, L.P.",Owner
Sotos Christopher S,Owner
Fernandez Richard F,Owner
Nine Ten Capital Management LLC,Owner
HARTNETT THOMAS G,Owner
FROESCHLE DUANE RALPH,Owner
Hutchens Mark Edward,Owner
KOTT GARY L,Owner
Mixson Brenda J,Owner
Peppard Denise M.,Owner
Enyedy Mark J,Owner
ZUCARO ALDO C,Owner
Johnson Samuel J,Owner
Herbst Marcel,Owner
NANCE MARK,Owner
PREISER DAVID A,Owner
Paul Debra M.,Owner
Gilbertson Brian,Owner
LEGROTTAGLIE VITO,Owner
NYNENS SIMON F,Owner
Neiderer Kelly K,Owner
SELL MORITZ A,Owner
WALTER ROBERT D,Owner
DONNELLY WILLIAM P,Owner
Miller Rory Lee,Owner
Vadala Shawn,Owner
CONTINO FRANCIS A,Owner
de la Guerroniere Marc,Owner
KUEHN RONALD L JR,Owner
Kirk Simon,Owner
GEORGE W WHITNEY,Owner
Ellman Thomas A.,Owner
Webb Winifred Markus,Owner
Kesavan Sudhakar,Owner
GOLISANO B THOMAS,Owner
FERNANDES ANTHONY G,Owner
CHAVEZ LINDA,Owner
GLEASON LINDA D,Owner
BOBINSKI CATHERINE A,Owner
Brandeisky Howard,Owner
JOBSON CHARLES E,Owner
Lehner Edward J.,Owner
JAMES JUANITA T,Owner
Sorrentino Frank III,Owner
Crowley Daniel J,Owner
DANDO ALLAN,Owner
He Jilun,Owner
BEARDALL BRENT J,Owner
Sweetin Marvin L,Owner
COCKLIN KIM R,Owner
MASSENGILL MATTHEW E,Owner
MAYER MARISSA A,Owner
Stapley Marc,Owner
Bell Ronald S.,Owner
Ronaghi Mostafa,Owner
GOLDMAN KENNETH A,Owner
ORPIN TRISTAN,Owner
ELLISON LAWRENCE JOSEPH,Owner
Wilson Wayne R.,Owner
Springer Jackie D. Jr.,Owner
Gores Alec E,Owner
ESL PARTNERS LP,Owner
Kapoor Chetan,Owner
Frost G. Janelle,Owner
Giamalis Stacey,Owner
Cornetta Richard,Owner
LORNE SIMON M,Owner
Honig Barry C,Owner
Smith Mark A.,Owner
Morgan Sandra L.,Owner
MICHENER JAMES M,Owner
FREDERICO DOMINIC,Owner
Bailenson Robert,Owner
Albert Howard,Owner
KEARNEY THOMAS W,Owner
Hall Shannon,Owner
Haddad Louis S,Owner
WARGO J DAVID,Owner
Uhler Robert B,Owner
Rogers Adam,Owner
SILLS ARTHUR S,Owner
BURKS DALE,Owner
BURKE JAMES J,Owner
Scull Kevin T,Owner
FITZGERALD ALBION,Owner
Eisenstat Abraham,Owner
TOWNSEND CHARLES C,Owner
MARTIN LAURALEE,Owner
CATTINI HERRINGER MARYELLEN,Owner
Gartland Thomas M,Owner
Ferguson Phil,Owner
MROZEK ERNEST J,Owner
GLEASON GEORGE G II,Owner
Perry Curtis J,Owner
Willis Peter,Owner
McKnight Gary C,Owner
DALRYMPLE DAVID J,Owner
Payne Christopher Todd,Owner
Keele Larry W,Owner
Haefner Michael E,Owner
Forsythe Christopher T,Owner
BEST ROBERT W,Owner
FLATLEY JAY T,Owner
HENRY CHRISTIAN O,Owner
Dadswell Charles,Owner
Bouchard Michel,Owner
Ramaswamy Shankar,Owner
Jhingran Anant,Owner
CHEUNG SHEILA,Owner
Good John A,Owner
YOUNGJOHNS ROBERT,Owner
LEBLANC LEONARD J,Owner
Swick Gregory,Owner
SCHERR SCOTT,Owner
Phenicie John C,Owner
SCHERR MARC D,Owner
DAUERMAN MITCHELL K,Owner
MEHOS MANUEL J,Owner
Brown Melinda,Owner
Stephan Steven,Owner
VanDeWeghe Mary M,Owner
SINDHU PRADEEP,Owner
Beitel David A.,Owner
STENSRUD WILLIAM,Owner
STONE BRADFORD S,Owner
McManus John,Owner
Sciammas Maurice,Owner
Nash William C.,Owner
Hsing Michael,Owner
MANZAGOL L JEFFREY,Owner
OHALLERAN MICHAEL D,Owner
Compton Eric B.,Owner
Williams Thomas J,Owner
Huntsman Jon M,Owner
HIGH RIVER LIMITED PARTNERSHIP /NY/,Owner
MINCKS JAY E,Owner
REITAN BERNT,Owner
Griggs Douglas J,Owner
Casper Bradford B,Owner
JMP Holding LLC,Owner
Alter Joseph C,Owner
Bisselberg Stephanie S,Owner
Hattar Marie,Owner
Freiberg Gregory William,Owner
REVORD MATTHEW J,Owner
Sagard Capital Partners Management CORP,Owner
Laufman James,Owner
Dourgarian Dennis,Owner
Biddle Catherine U,Owner
Curtis Ross,Owner
ZACHARIAS STEPHEN,Owner
Bridwell Mark R,Owner
Hurlbut Thomas E,Owner
Tolany Brandon,Owner
Hollister John C,Owner
Cohen Heather L,Owner
DUNBAR JENNIFER HOLDEN,Owner
PAYNE LISA A,Owner
Pelino Daniel S,Owner
LOVELY RICHARD,Owner
Pomeroy Robert D. Jr.,Owner
Goepelt Bernhard,Owner
LEVANDE ROBERT,Owner
HALE MARTIN M JR,Owner
Osborn David P,Owner
MCHUGH RICHARD,Owner
Magni Giovanni,Owner
Bedrosian Geoffrey,Owner
HUTTON RONALD W,Owner
HERTIA JOHN,Owner
Codel Franklin R,Owner
GOETZ JOHN,Owner
Crowley Michael,Owner
Pacious Patrick,Owner
DULLUM DAVID A R,Owner
Bradford Zachary,Owner
Grimes Russell J.,Owner
NEIL CHRISTOPHER J,Owner
LITTLE JAMES,Owner
Chapman Christopher A.,Owner
KLINSKY STEVEN B,Owner
BURGER MICHAEL D,Owner
PRUETT WILLIAM A,Owner
Jenkins William D Jr,Owner
Richison Chad R.,Owner
Rajaram Gokul,Owner
FARBER JEFFREY,Owner
Valenti Peter J. III,Owner
Mitchell Noah Malone III,Owner
Moran Alfred Jay Jr,Owner
JMP Investment Holdings LLC,Owner
DeVore Richard L,Owner
Filiatraut Renee S,Owner
Reed Maurice A.,Owner
Reich Kirk W,Owner
KONSYNSKI BENN,Owner
Westphal Christoph H,Owner
WALLACE Mark ADAM,Owner
Dutt Aditya,Owner
STEWART MARTA R,Owner
Wagner Roger P,Owner
MARLETT CHRISTOPHER A,Owner
HARRIS DAVID O,Owner
Holzthum Thomas K,Owner
WOOD WILLIAM P,Owner
Billerbeck Darin G,Owner
Krestakos Robert G,Owner
WIDMAN PHILLIP,Owner
SCHWARTZ NORMAN D,Owner
FARRELL MATTHEW,Owner
SHOULAK JUDITH A,Owner
Black Philip Douglas,Owner
Calvo Rodrigo,Owner
Gable Steve,Owner
Schultz S. Matthew,Owner
SMITH RANKIN M JR,Owner
McLean Scott Charles,Owner
JABER PAUL S,Owner
RICHTER ALICE M,Owner
Gerberding Julie L.,Owner
GUTHART GARY S,Owner
WEYERS LARRY L,Owner
ACKERMAN DENNIS,Owner
WELCH DAVID H,Owner
Tomsche David Scott,Owner
Shepro William B,Owner
Lankford William C Jr,Owner
UNGAR EDWARD W,Owner
Peitz Robert H,Owner
SCHMIDT DARRYL,Owner
WELCH M SCOTT,Owner
SEAT DAVID,Owner
NIEMIER CHARLES E,Owner
HIATT THOMAS,Owner
JAMES ROBERT E.,Owner
Evans Daniel F,Owner
Stewart Derrick J,Owner
Skillman Rebecca S,Owner
Morris James T,Owner
LAMBERT PHELPS L,Owner
GOEBEL ANDREW E,Owner
BRAUN ALAN W,Owner
Sykes Eslie C,Owner
Dubner Derek,Owner
Fried Robert N,Owner
AMATO THOMAS A,Owner
BINDRA HARDEEP,Owner
Rust Scott Arthur,Owner
RANDOLPH WALTER,Owner
WEST MARY E,Owner
WEST GARY L,Owner
Murray Bill,Owner
STEELE JOHN M,Owner
BELL LEONARD,Owner
Miller Dave Brian,Owner
KEPNER CRISTINA,Owner
RENTON HOLLINGS,Owner
ALUTTO JOSEPH A,Owner
McLaughlin Charles E,Owner
CARTER JOHN D,Owner
Bourgeois Richard J,Owner
Waldrop William H,Owner
MILLER STEVEN G,Owner
NEWMAN JEFFREY B,Owner
BERNSTEIN DANIEL,Owner
Hutcheson Jennifer L,Owner
LEBDA DOUGLAS R,Owner
Jordheim Robert P,Owner
Shunk Laura F,Owner
SCARTOZZI STEPHEN P,Owner
CROWN SUSAN,Owner
Truex Ronald,Owner
Toothaker Bradley J,Owner
PICHON EMILY E,Owner
BOCKEL DAVID R,Owner
Augsburger Blake,Owner
White Katherine E,Owner
STANLEY KELLY N,Owner
Shepard Randall T,Owner
MCELWEE ARTHUR H JR,Owner
HENRY JEROME F JR,Owner
ELLERBROOK NIEL C,Owner
Swayman Robert,Owner
DELL JEFFREY ALAN,Owner
SOULE DAVID B JR,Owner
Gossett Al,Owner
WAKEFIELD DUFF,Owner
HAMBLET LISA M.,Owner
Becker Steven R,Owner
GUTSHALL THOMAS L,Owner
DeMaria Jacqueline,Owner
Little Teri A.,Owner
Krishnan Ram,Owner
MATTHEWS NORMAN S,Owner
Peverett Jane L,Owner
ANDERSON DAVID HUGO,Owner
Finkelstein David L,Owner
SMITH J DAVID,Owner
NELLES DUANE,Owner
"Safinia Partners, L.P.",Owner
"LCS Event Partners, LLC",Owner
WALKER R A,Owner
Hollek Darrell E,Owner
GWIN ROBERT G,Owner
ONEIL MICHAEL G,Owner
DANIELS  ROBERT P,Owner
BROWN BRIAN E.,Owner
REEVES ROBERT K,Owner
Punter Clive A.,Owner
Leyendecker Ernest A. III,Owner
Callahan Dawn,Owner
SEWARD JAMES R,Owner
TUCHMAN MARTIN,Owner
BUMSTEAD FRANK M,Owner
Eves David L,Owner
HILL CHARLES H,Owner
BURNS MICHAEL RAYMOND,Owner
DENNISON ANN M,Owner
Stone James,Owner
CHAMBERS BEN C,Owner
MEYER JOSEPH J,Owner
TERRELL PATRICK,Owner
WALLACE BASS C JR,Owner
RUIZ FERNANDO,Owner
Leibman Bryan,Owner
Sechrist Paul F,Owner
DiMarco Bret,Owner
AMBROSEO JOHN,Owner
Mathers Thomas P.,Owner
Hogan Linda C.,Owner
FESTA ALFRED E,Owner
SEIZERT GERALD L,Owner
BALL C FRED JR,Owner
Clark Boyd O,Owner
KASH ARWIN,Owner
Beese Jennifer,Owner
Li Xiaopeng,Owner
TURNER STEPHEN C,Owner
EL-NAFFY HANI,Owner
HOSTLER STANLEY,Owner
Spillane Richard A Jr.,Owner
Cracas Teresa C,Owner
EMERSON BARRY,Owner
KIRSCHNER SIDNEY,Owner
Greczyn Robert J Jr,Owner
WAYNE DONALD,Owner
NALBANDIAN GARY L,Owner
KRAMER LAWRENCE S,Owner
HIGDON LEO I JR,Owner
BANNER JENNIFER S,Owner
Mekhiche Mike M,Owner
Littlefair Andrew J,Owner
KRAEUTLER JOHN A,Owner
BALDINI LAWRENCE,Owner
ECKROTE DOUGLAS E,Owner
Witkos Matthew J,Owner
SWAFFIELD PAYSON F,Owner
Perkin Edward J.,Owner
Swift Malcolm,Owner
Stetz Gordon McKenzie JR,Owner
PRESTON MARGARET M V,Owner
FITZPATRICK J MICHAEL,Owner
Marius Frederick S,Owner
Langstraat Brian D.,Owner
HYLTON LAURIE G,Owner
FAUST THOMAS E JR,Owner
BEALE JEFFREY P,Owner
SADOWSKI PETER T,Owner
QUIRK RAYMOND R,Owner
PARK ANTHONY,Owner
Jewkes Roger S,Owner
MCNAMARA KEVIN J,Owner
Rahoul Banerjea S,Owner
PICKETT C TAYLOR,Owner
GOLDBERG DANIEL STEVEN,Owner
MEYER STEVEN J,Owner
Kumar Ganesh,Owner
WILLIAMS JOHN C,Owner
"LCS L/S, LLC",Owner
Meyer Lisa,Owner
"Cormorant Global Healthcare GP, LLC",Owner
WIELANSKY LEE S,Owner
GOODWIN PAUL R,Owner
Lowe Patrick Carey,Owner
TAYLOR RONALD L,Owner
MORONEY JAMES M III,Owner
RUIZ WALLACE D,Owner
MERTEN ALAN G,Owner
SERRANO ELIJIO V,Owner
Dunie Deborah B.,Owner
Shah Neil H,Owner
Shah Jay H,Owner
"Whelan, Jr. Robert M.",Owner
BATES THOMAS R JR,Owner
RANDALL RICHARD,Owner
Harris Mark R,Owner
Garfield David R,Owner
SIEGEL TODD E,Owner
Mellini Paul V,Owner
ABU-GHAZALEH MOHAMMAD,Owner
HENSLEY ROBIN,Owner
PUHY DOROTHY E,Owner
Tramuto Donato,Owner
Lobo Kevin,Owner
Smith Edgar R. III,Owner
Kirby George H III,Owner
Ramos Raul,Owner
Nolan Michael Joseph,Owner
WILLIAMS DAVID PATRICK,Owner
HUTTON THOMAS C,Owner
BICKETT BRENT B,Owner
Jerry Karrie J.,Owner
SHAMIR NACHUM,Owner
Muck Steven W,Owner
BIRO JON C,Owner
FLEXON ROBERT C,Owner
WHITEHEAD ROY M,Owner
WIDENER MARY LEE,Owner
SHERMAN WILLIAM D,Owner
FLUKE BRADLEY J,Owner
ESL INVESTMENTS INC,Owner
STEVENS MARK A,Owner
KHOSROWSHAHI DARA,Owner
Diner Fahri,Owner
Sobers Sean,Owner
Atkins William J,Owner
KUMAR DEVINDER,Owner
Mirae Asset Partners Private Equity Fund VII,Owner
LE DUY LOAN T,Owner
LEWIS EARL R,Owner
Cue Eduardo H,Owner
Golden Michael F,Owner
Sajkowski Daniel J,Owner
Funk Robert E,Owner
Schumacher Amy M,Owner
Carter James S,Owner
Morris George C III,Owner
Fehsenfeld Fred M Jr,Owner
Mawer Stephen P,Owner
Frankel Richard A.,Owner
Carroll James M.,Owner
Snapper Suzanne D.,Owner
McCOY JR. ALBERT E,Owner
HACKETT H PATRICK JR,Owner
Cook Donald G,Owner
TIFFT DOUGLAS C,Owner
Pessina Stefano,Owner
Furber Jeffrey D.,Owner
"Arnhold & S. Bleichroeder Holdings, Inc.",Owner
Pimentel Armando Jr,Owner
SWIFT HARRY R ESQ,Owner
Reinland Andrew,Owner
DiLullo John D,Owner
Walker Byrom,Owner
Plourd Martin E,Owner
de Pesquidoux Hubert,Owner
TOMLINSON PHILIP W,Owner
Waller Kathy N,Owner
ESPLIN J KIMO,Owner
MAHAFFEE JOSEPH W,Owner
Misasi J. Ryan,Owner
Stout John T Jr,Owner
REISS DALE ANN,Owner
Charlton Jeffrey,Owner
ECK PHILLIP,Owner
SCHOBER MARK A,Owner
CHAMBERLAIN THOMAS J,Owner
Gendel Mitchell,Owner
Robison Dennis C,Owner
Kauffman Scott L,Owner
WALKER CLIFFORD,Owner
CURRIE HARRISS T,Owner
Rew Richard W. II,Owner
Way Andrew James,Owner
Carroll David William,Owner
WB Atlas LLC,Owner
Neoplux No. 1 Private Equity Fund,Owner
ODISHAW EDWARD A,Owner
Port Barry,Owner
Liberty Jason T,Owner
Bayley Michael W,Owner
Ceresino Gordon J,Owner
Janik James L,Owner
WB & CO,Owner
WEGER HANS S,Owner
"First Eagle Value in Biotechnology Master Fund, Ltd.",Owner
21 APRIL FUND LTD,Owner
Bowe Patrick E.,Owner
Nadeau Richard John,Owner
Riebe Michael Clayton,Owner
Louis John Jeffry,Owner
TABER DAVID T,Owner
MENNEL DONALD L,Owner
SCHAEFER CHARLES H,Owner
LINK RAYMOND A,Owner
Vross Anthony R,Owner
CUMMINGS KURT P,Owner
Sarvis John,Owner
Lawing John,Owner
Battles Michael Louis,Owner
HOFFMAN JAMES E III,Owner
COLE DAVID C,Owner
JORGENSEN DAVID S,Owner
BILBROUGH PATRICK M,Owner
OLSON JERRY C,Owner
STUART JOHN EDWARD,Owner
SMITH ELIZABETH A,Owner
VITULLO NICOLE,Owner
GUYER DAVID R,Owner
Spencer Justin,Owner
Katz Avi S,Owner
Dinu Raluca,Owner
Ma Darren,Owner
Betti-Berutto Andrea,Owner
Richter Irvin E,Owner
"Woodman Family Trust under Trust Agreement dated March 11, 2011",Owner
OBOLENSKY IVAN,Owner
Bain Adam,Owner
McCandless Derek,Owner
Finnin Jeffrey S,Owner
Downing Stephen Michael,Owner
POONEN SANJAY,Owner
DRACHMAN JONATHAN G,Owner
DELLA VOLPE VINCENT,Owner
Nordhagen Arlen Dale,Owner
Deeba Amer,Owner
Hollister Corey James Ariel,Owner
Barel Tomer,Owner
PUGH ANDREA L,Owner
Weikel Mark J,Owner
Petersen Floyd F.,Owner
Smith Gregory D,Owner
Park Ed,Owner
Honda Diane,Owner
Stein Ben Forester,Owner
Spruce House Capital LLC,Owner
DEMERITT JOHN G,Owner
KABACK NEIL J,Owner
GANT KENNETH R,Owner
Soder Douglas L,Owner
MORGAN CHARLES D,Owner
Brown David D,Owner
Felton Gregg J,Owner
HERLIHY DONAGH,Owner
TREU JESSE I,Owner
CSH Holdings LLC,Owner
Messinger Adam,Owner
KONG DAVID,Owner
MANI GANPAT,Owner
Green Logan,Owner
Neal James R,Owner
Melo John,Owner
Cherry Joel,Owner
POSEY BRUCE K,Owner
FARAHI BOB,Owner
Hammond F G,Owner
Johnsen Karl E,Owner
SHEARER RICHARD J,Owner
JAMES DONALD A,Owner
SPRUCE HOUSE INVESTMENT MANAGEMENT LLC,Owner
Caret Leanne G,Owner
MURPHY JOHN RAYMOND,Owner
Baker Bros. Advisors (GP) LLC,Owner
BAKER BROS ADVISORS LLC,Owner
Sims Paula J,Owner
CHECKETTS DAVID W,Owner
Dudley Gardner H,Owner
Rallo James M,Owner
Stern Rachel Rebecca,Owner
SALEH PAUL N,Owner
Abrahams Iain Henry,Owner
Alli Waheed,Owner
Klein Mark D,Owner
AAP Sponsor (PTC) Corp,Owner
MRD MIDSTREAM LLC,Owner
Rottenberg Linda,Owner
Goodwin Jonathan,Owner
"G.F.W. ENERGY IX, L.P.",Owner
LUCAS ROGER C,Owner
MEYERS GEOFFREY G,Owner
RYAN JERRY E,Owner
Snow Frederick Philip,Owner
Swords Timothy,Owner
YOVOVICH PAUL G,Owner
Fox Mark E.,Owner
REAM JAMES B,Owner
SODO MICHAEL,Owner
Smoak Lewis T,Owner
Hood William K,Owner
BRADLEY MICHAEL A,Owner
Sydney Matthew,Owner
Fish Kathleen B,Owner
Magesvaran Suranjan,Owner
JOHNSON GREGORY E,Owner
Prophet Tony A,Owner
Donald P. Monaco Insurance Trust,Owner
Howell Henry W Jr,Owner
McCague Cynthia,Owner
ADVANCE PUBLICATIONS INC,Owner
STANIK JOHN S,Owner
Sutherland David,Owner
SHEA WILLIAM E,Owner
SMITH ALEX,Owner
Goldstein Daniel J,Owner
Lugee Li Yeung Tak,Owner
Liquidmetal Technology Ltd,Owner
CALM WATERS PARTNERSHIP,Owner
Weiss Charles F.,Owner
Smith Marshall D,Owner
Pineci Roy,Owner
ZIEGELBAUER GARY J.,Owner
Barnes Robert A.,Owner
Albrecht William E,Owner
PICKETT RONALD W,Owner
SCOTT RICHARD WALDO,Owner
Gaspar Clay M,Owner
MCCANN JAMES F,Owner
Johnston David Brannon,Owner
MCCANN CHRISTOPHER G,Owner
GRAVES GREG M,Owner
GLIMAN GEORGE W,Owner
Asbury John C,Owner
Omohundro Jack W,Owner
Perone Michael D,Owner
BAKER FELIX,Owner
BAKER JULIAN,Owner
McNulty Matthew J,Owner
Lalwani Narendra D.,Owner
NGP Energy Capital Management LLC,Owner
"G.F.W. Energy VIII, L.P.",Owner
Nicolelli Maurizio,Owner
Hale Mark J.,Owner
Lanning Raymond A.,Owner
CADE ALTON JR,Owner
JONES FRANK W,Owner
Tranter G. Thomas Jr.,Owner
TASTAD CAROLYN M,Owner
Matthew Price,Owner
Posada Juan Fernando,Owner
FELSINGER DONALD E,Owner
Marone Anthony III,Owner
TURNER WILLIAM V,Owner
MERRYMAN BRYAN J,Owner
FARAHI JOHN,Owner
Freeman Angela K.,Owner
LONDON TERRY E,Owner
Inglis John C,Owner
COOPER NANCY E,Owner
BACHELDER CHERYL A,Owner
Humenesky Gregory,Owner
Schack Laura A,Owner
Ritchie Robert J.,Owner
SYLLA CASEY,Owner
Gregory Richard J.,Owner
THOMPSON KEVIN T,Owner
Lautenbach Marc Bradley,Owner
Wilson Stephen R,Owner
HABERLI ERNST A,Owner
Stevens Todd A.,Owner
Arvia Anne L,Owner
Preston Michael L.,Owner
Kerns Shawn M.,Owner
PERROTTI FRANK JR.,Owner
LAMBERT JOHN,Owner
Maloney Mary D,Owner
Fink M Kathryn,Owner
Shah Baiju R.,Owner
Monaghan Matthew E.,Owner
ROMAINE STEPHEN S,Owner
PETERS FREDERICK C II,Owner
Kammer Robert J,Owner
Lindholm Jeffrey,Owner
FAIRFAX DANIEL W,Owner
McMinn Rachel,Owner
CUTAIA RORY J.,Owner
SEYMOUR TAMARA A,Owner
Riccitelli Samuel D,Owner
Tunioli Roberto,Owner
RAYPORT JEFFREY F,Owner
Green James W,Owner
Hoskins Roche L Talbott,Owner
Huber Jeff,Owner
MCVEIGH JAMES P,Owner
HALEY TIMOTHY M,Owner
Giambastiani Edmund P Jr,Owner
Borg Deborah,Owner
MILLER MICHAEL CONNOLLY,Owner
Stoever Mark,Owner
Yates Timothy T,Owner
Gaggini Stefano R.,Owner
Henderson Michael R,Owner
ADLER TAMARA,Owner
Dyck Jeffery,Owner
Heiskell Steven,Owner
Peach Richard,Owner
Saba Peter B,Owner
Nawana Namal,Owner
GREENBERG MICHAEL,Owner
SCHUELE ALAN R,Owner
CASE THURMAN K,Owner
Benson JoDee,Owner
Corrales Eugenia,Owner
ANDERSON SCOTT ARNOLD,Owner
NAYLON WILLIAM J,Owner
HILDEBRANDT JOHN D,Owner
OSAR KAREN R,Owner
Nouri Alaleh,Owner
Stafslien Joan,Owner
SMITH JAMES COPENHAVER,Owner
CONGDON DAVID S,Owner
Londy Kelly,Owner
SHIELDS JOHN J,Owner
Nocella Andrew P,Owner
DEW JIMMY A,Owner
Rychel Eric M,Owner
Ratnakar Raj,Owner
HNA Investment Management LLC,Owner
LONG MICHAEL J,Owner
Oruganti Bharath,Owner
"Tallgrass Operations, LLC",Owner
McElligott Kathleen D.,Owner
Doliveux Roch,Owner
Chulay Jeffrey D.,Owner
Syngal Sonia,Owner
LANE AMY B,Owner
JOHNSON RUPERT H JR,Owner
SMITH TRACY G,Owner
Miller Robert Dana,Owner
PARKER MARK G,Owner
Miles Patrick,Owner
Reeg Robert,Owner
RUSH WILLIAM M RUSTY,Owner
Glover Ellen,Owner
Lambing Joseph,Owner
Bauer Jake,Owner
Fey Michael David,Owner
STEPHENSON RANDALL L,Owner
RIGNEY TIM,Owner
OBRIEN PATRICK G,Owner
Brenner Paul V.,Owner
Walsh Patrick M,Owner
Enright J. Scott,Owner
Matzke-Hamlin Heather,Owner
LOUGHRY ED C JR,Owner
WENDELL PETER C,Owner
McMullen Jeffrey P,Owner
HASLER HANS PETER,Owner
Hayes William B,Owner
Tyle Craig Steven,Owner
Clare John L.,Owner
BATY JOSEPH W,Owner
HANNON MICHAEL J,Owner
Krusi Alan,Owner
TAYLOR ANDREW C,Owner
HARTZ CHARLES SCOTT,Owner
Rogers Frank K,Owner
Rennick Charles D,Owner
CONTI P SCOTT,Owner
BRADSHAW RALPH W,Owner
HEALY JOHN J,Owner
BARRETT FRANK W,Owner
GARVEY JAMES C,Owner
ANDERSON RICHARD W,Owner
ADIK STEPHEN P,Owner
DRAPER E LINN JR,Owner
Gibson Chris,Owner
Arends Cornelius David,Owner
Griffith William J.G.,Owner
"ICONIQ Strategic Partners TT GP, Ltd.",Owner
BUSSE KEITH E,Owner
Klinger Robert E,Owner
BASS JAMES K,Owner
Hagen Thomas B,Owner
Phelan William P,Owner
McGhee James E II,Owner
BETHUNE DAVID R,Owner
BRENNAN DANIEL,Owner
D AMBROSE MICHAEL,Owner
Neemeh Alain,Owner
Joseph Fred J.,Owner
Lee Joann E,Owner
HAMWEE ROBERT,Owner
Vosburg Craig,Owner
LOGAN GEORGE W,Owner
Inglima Robert J. Jr.,Owner
Pepper David A,Owner
Pilmer Donald,Owner
MYLOD ROBERT J JR,Owner
GIANAKAKOS ANASTASIOS,Owner
Quinn Robert W. Jr.,Owner
Bondar Lori J,Owner
POSEDEL RHEA J,Owner
SMULYAN JEFFREY H,Owner
Loewen Gregory T,Owner
Hornaday Ryan A,Owner
Hyatt Todd S.,Owner
Eisenberg Jerome B,Owner
PRICE DAVID B JR,Owner
Pisano Gary P.,Owner
STEINMETZ GEORGE E,Owner
KRUGER DENISE L,Owner
Leitzell Cynthia F,Owner
Walker Kimberly G,Owner
BASSHAM TERRY D,Owner
HEBENSTREIT JAMES B,Owner
BOLT JENNIFER J,Owner
Datesh LuAnn,Owner
HORNIG GEORGE,Owner
RAN ASSAF,Owner
"ICONIQ Strategic Partners GP, L.P.",Owner
Tolman Sarah,Owner
HELLERMAN GERALD,Owner
Eder Linda,Owner
SUSKIND DENNIS A,Owner
CAMILLI KATHLEEN M,Owner
Dean Robert E,Owner
ZEILE ART,Owner
LEVINE WILLIAM S,Owner
Ogens David,Owner
Dooley John Elliott,Owner
STRADER HUNTER GREGG,Owner
Utz John A.,Owner
MIAU MATTHEW,Owner
Remiker Richard,Owner
TUCKER ALLEN,Owner
TORGOW GARY,Owner
Provost David T,Owner
PATTAROZZI RICHARD A,Owner
Lawrence David T,Owner
DUPLANTIS BOBBIE J,Owner
Wooldridge Michael G.,Owner
WALKER BRIAN C,Owner
Rhodes Thomas Wayne,Owner
ENGLER JOHN M,Owner
O'Leary Leif,Owner
SEMEL SCOTT N,Owner
HOVSEPIAN RONALD W,Owner
Chin Kevin,Owner
Roby Anne K,Owner
Carlson Timothy C,Owner
GUERTIN TIMOTHY E,Owner
Klein Gary,Owner
China John,Owner
Rogers Scot Frazier,Owner
Kearny Ryan C.,Owner
EAMES EDWARD JULIAN,Owner
Abrahams Craig Justin,Owner
Davis Todd C,Owner
LYTLE PAUL J,Owner
Fussey Shelley PM,Owner
Gomez Alfredo,Owner
SANO KUNIO,Owner
Cooper Cathy E,Owner
CANNELL CAPITAL LLC,Owner
Beatty Vincent L,Owner
LETHAM DENNIS J,Owner
McFarland John,Owner
Neenan David M,Owner
Dzielak Robert J,Owner
Wong Hing Chung,Owner
Paslick P. Martin,Owner
Cuffe Michael S.,Owner
Anderson Robert S.,Owner
SINGHI AMIT,Owner
SPECTRUM PHARMACEUTICALS INC,Owner
"Spectrum Pharmaceuticals Cayman, L.P.",Owner
Keller Steven L,Owner
DELL MICHAEL S,Owner
"FIRSTCASH, INC",Owner
Currie Mark G,Owner
Diaz Sherry,Owner
SARLES H JAY,Owner
Xia Bailing,Owner
Sahag Grant,Owner
Ferguson Justin K.,Owner
Barrington Martin J.,Owner
GREEN SUSAN MIRANDA,Owner
KINNEAR PETER D,Owner
CHRISTMAS GEORGE R,Owner
SMITH LOUIS A,Owner
GOODE GARY F,Owner
Keating Neal J,Owner
Joshi Aditya,Owner
LAFOND CHRISTOPHER,Owner
Synnex Technology International CORP,Owner
Hertzberg Richard,Owner
Paolillo Regina,Owner
Flores Lorenzo,Owner
Shan Joseph,Owner
KING STEVEN W,Owner
STEWART CORY D,Owner
Verhoeven Huibert J.,Owner
Christensen Gary B,Owner
SELLERS LANCE A,Owner
Underwood James C,Owner
"Orange Marlin Investments, L.P.",Owner
WISNER FRANK G,Owner
Tily Gil Coleman,Owner
TEXTOR DONALD F,Owner
ATWELL WILLIAM L,Owner
Steward H Leighton,Owner
DUPONT AUGUSTUS I,Owner
LOCHNER PHILIP R,Owner
Gold Richard S,Owner
FOSBURGH BRYN,Owner
Shepard Julie A,Owner
"TCS Capital GP, LLC",Owner
SAVAGE JOSEPH J,Owner
METZ LAWRENCE F.,Owner
NASSETTA CHRISTOPHER J,Owner
Stephenson James T.,Owner
Linnington Matthew,Owner
SINGER DAVID V,Owner
FERNANDEZ MANUEL A,Owner
FELDMAN ALAN D,Owner
MacLean Theodore,Owner
Sweeney Eileen,Owner
Mooney Ward K,Owner
KYEES JOHN E,Owner
Fitzsimmons Tracy,Owner
SUMMERS WILLIAM B JR,Owner
Chicoine David L,Owner
Nance Frederick R.,Owner
BOYCE GREGORY H,Owner
Barns Dwight,Owner
BECK ANDREW H,Owner
"Bronco Midstream Partners, L.P.",Owner
KENDALL LAURA C,Owner
Vogel Michael Joseph,Owner
Toussaint Claudia S,Owner
Lawson Ann Kuchera,Owner
LEGGE JEFFREY DALE,Owner
Robichaud Albert,Owner
TURCHIN MARTIN,Owner
LUSTIG MATTHEW J,Owner
Einiger Carol B.,Owner
Spray Stephen M,Owner
FICK DAVID M,Owner
DEFOSSET DON,Owner
Gutting Gregory J,Owner
MOSS SARA E,Owner
Polcer Gregory,Owner
LAUDER JANE,Owner
Merchant Thomas C,Owner
Equels Thomas K.,Owner
Hanzlik Vern,Owner
Lynch Wendy D.,Owner
Malaszenko Natalie,Owner
Svensson Ake,Owner
GEHL WILLIAM D,Owner
Dolya Nickolai,Owner
DOREY WILLIAM GLENWOOD,Owner
FRANK RONALD L,Owner
Melfi Albert J JR,Owner
Machado Luis Francisco,Owner
FINDLAY DAVID M,Owner
Mills Gary R,Owner
Kolstad Gary A,Owner
DeBerry Blake T.,Owner
"TCS Global Equity Master Fund, L.P.",Owner
Moe Michael T.,Owner
MARSHALL JON A,Owner
Tierney Patrick,Owner
Moynihan Michael Robert,Owner
WARNER JANE L,Owner
HOLDEN JAMES P,Owner
GILLIS RUTH ANN M,Owner
Ross Ivy,Owner
Presser Mitchell,Owner
Daniel Karen L,Owner
Fields Janice L,Owner
RATNER CHARLES A,Owner
TURPIN CHERYL N,Owner
Morford Craig S,Owner
Cahalan Jay P.,Owner
TWARDOCK DAVID A,Owner
PATRICOF ALAN J,Owner
KLEIN JOEL,Owner
DYKSTRA KAREN E,Owner
POTTS CHARLES F,Owner
Van Mieghem Dennis P,Owner
Demsey John,Owner
Haney Carl P.,Owner
PROUVE CEDRIC,Owner
Trower Alexandra C.,Owner
LAUDER WILLILAM P,Owner
Gupta Mahendra R,Owner
SULLIVAN JOSEPH A,Owner
Boornazian Brian,Owner
STRUIK HENDRIK,Owner
FRIERSON DANIEL K,Owner
BAKER JAMES B,Owner
Brown Lisa Jane,Owner
Catalano Anna C,Owner
Khan Najeeb A,Owner
OZARK TIMOTHY K,Owner
MORIKIS JOHN G,Owner
Tarchetti Mark,Owner
Ivas Michael R.,Owner
SILVER STAR DEVEOPMENTS LTD,Owner
Shah Rajeev M.,Owner
SLAGER DONALD W,Owner
LEFKOFF KYLE,Owner
BAUM CHARLES M,Owner
"MSD Torchlight Partners (MM), L.P.",Owner
"MSD Sparrowhawk, L.P.",Owner
SCHILLER PHILIP W,Owner
HERRERA GEORGE,Owner
"Centerbridge Special Credit Partners II AIV IV (Cayman), L.P.",Owner
CSCP II Cayman GP Ltd.,Owner
"Centerbridge Special Credit Partners General Partner II (Cayman), L.P.",Owner
"Centerbridge Capital Partners SBS II (Cayman), L.P.",Owner
"Centerbridge Capital Partners II (Cayman), L.P.",Owner
LEONARD FRED C,Owner
HUNTER JOHN C III,Owner
Harrer Robert,Owner
GENTILCORE JAMES,Owner
Sullivan L Joseph,Owner
Lampert Erin M,Owner
SAPIRSTEIN JAMES,Owner
Andrews Gregory R,Owner
Hasker Stephen,Owner
FINN MARY ELIZABETH,Owner
BARCLAY KATHLEEN S,Owner
Weller Harry R,Owner
VARUGHESE JOHN,Owner
TWOHIG PAUL E,Owner
Raskopf Karen,Owner
MILLER JAMES H,Owner
LOLIGER HANS J,Owner
Sweitzer Caesar F,Owner
URKIEL WILLIAM S,Owner
Lee Rose,Owner
LITTLE WILLIAM G,Owner
AHLMANN KAJ,Owner
BAILY JOHN THOMAS,Owner
PORTEOUS DAVID L,Owner
GERLACH JOHN B JR,Owner
CRANE ANN B,Owner
Surface Carol A,Owner
Wade Joseph,Owner
Metcalfe Tom,Owner
TOMPKINS JANE B,Owner
Finley John D,Owner
Weatherford Will,Owner
Reilly Robert Q,Owner
DEMCHAK WILLIAM S,Owner
LUTEK BEN,Owner
HUTCHISON LARRY M,Owner
COLEMAN GARY L,Owner
VAN DER HIEL RUDOLPH J,Owner
VAZQUEZ CARLOS J,Owner
NEGRON EDUARDO J.,Owner
ERICKSON RANDY J,Owner
HELLAUER JAMES C,Owner
MULLER NICHOLAS H III,Owner
Mazraani Mazen,Owner
Kaiser Foundation Hospitals,Owner
BALDWIN JOHN T,Owner
Johnson Paula A,Owner
Fraser Craig,Owner
POLK MICHAEL B,Owner
Albright Elizabeth,Owner
Gnau Scott E,Owner
ALONSO HECTOR,Owner
RA Capital Biotech Fund LP,Owner
Orwin John A,Owner
Fyfe Gwen A.,Owner
MALOOF THOMAS A,Owner
Twitchell Karen A.,Owner
"Centerbridge Special Credit Partners General Partner II, L.P.",Owner
"Centerbridge Credit Partners Offshore General Partner, L.P.",Owner
"Centerbridge Associates II (Cayman), L.P.",Owner
Cullen Susan,Owner
Ermentrout Gerald G.,Owner
Liu Lei,Owner
RYAN THOMAS M,Owner
Buggeln Catherine Elizabeth,Owner
WHITE MICHAEL D,Owner
Dale Eric J,Owner
"Sagard Capital Partners, L.P.",Owner
TURNER JIM L,Owner
DONALD ARNOLD W,Owner
Muller Josef M,Owner
Leone Roger,Owner
RALPH THOMAS A,Owner
RANSIER KATHLEEN H,Owner
ENDRES MICHAEL J,Owner
KIGHT PETER J,Owner
WALDEN CHARLES C,Owner
SAMUEL ANDREW S,Owner
Bossidy Paul T,Owner
Soriano Lidio,Owner
POWERS WILLIAM D,Owner
ALVAREZ IGNACIO,Owner
MCWILLIAMS BRUCE M,Owner
Belstock Richard L,Owner
FENOGLIO WILLIAM R,Owner
DELTA PARTNERS LLC,Owner
O Connor Thomas L,Owner
ROSENFELD GERALD,Owner
Taylor Douglas C,Owner
Biguet Stephane,Owner
Clark Maureen,Owner
Zerhouni Elias A.,Owner
List Teri L.,Owner
Solomon Douglas P.,Owner
DEIBERT DEBORAH,Owner
BROD FRANK H,Owner
CANADA PENSION PLAN INVESTMENT BOARD,Owner
Smith Barbara,Owner
Porter Tracy L,Owner
LINDSEY MARY A,Owner
KIRKPATRICK PAUL K.,Owner
HICKEY ADAM R,Owner
HATTEN TERRY P.,Owner
BATCHELOR ADAM B.,Owner
ALVARADO JOSEPH,Owner
BOUSTRIDGE MICHAEL,Owner
Hayley Kathryn,Owner
Gadd Michael S,Owner
Gesing Jason,Owner
MATHER COURTNEY,Owner
Friar Sarah,Owner
HIGGINS THOMAS T,Owner
Arkell Sandra A,Owner
TAYLOR MATT,Owner
GATES WILLIAM H III,Owner
CIULLA JOHN R,Owner
Bayless William C Jr,Owner
MANUEL GAIL D,Owner
SANKPAL SACHIN,Owner
BENNETT RICK J,Owner
Rivest Jeffrey A,Owner
KELLY JOHN E III,Owner
SEMMELROTH KELLEY,Owner
Ouimet Matthew A,Owner
Hoffman David R.,Owner
Beard Brent L.,Owner
Noonan Michael David,Owner
RYBACK ANDREW J,Owner
LAURSEN THOMAS E,Owner
SALICE THOMAS P,Owner
REITMAN WILLIAM H,Owner
WHITE MICHAEL B,Owner
Inserra Thomas J.,Owner
Katsaros Sergios,Owner
Lampo Craig A,Owner
Olivari William L.,Owner
GONZALEZ ILEANA,Owner
STROPKI JOHN M,Owner
SPOON ALAN G,Owner
HEFNER LINDA P,Owner
PODELL JEFFREY,Owner
STOREY JEFFREY K,Owner
HENDRICKS CHRISTIAN,Owner
SHAFF KAREN E,Owner
LIU JACK C,Owner
Dawe John,Owner
kramer william j,Owner
"ARCLIGHT ENERGY PARTNERS FUND V, L.P.",Owner
Redfield Kyle,Owner
Roberts Shaun,Owner
GRILLO FRANK M,Owner
DUFFIELD MILKIE,Owner
Witherow Brian C,Owner
Betts John A,Owner
Speer Jeffrey A,Owner
JOHNSTON STEVEN J,Owner
Mar-Spinola Julie,Owner
CRANDALL ROGER W,Owner
RUTKOWSKI JOSEPH A,Owner
BRUNNER LILIAN,Owner
Stoeckle Mark E.,Owner
NORWITT RICHARD ADAM,Owner
MiTAC International CORP,Owner
Zugel Christian,Owner
Szymanski Michael,Owner
Motani Nisha,Owner
Seidenberg Barrie,Owner
Jesse Sandra,Owner
McGeever James,Owner
Lawson Jeff,Owner
Smith Karyn,Owner
Fusco David,Owner
Selman Byron,Owner
Ryding Neil 122-62-507,Owner
Martin Jean-Paul,Owner
Burke Willaim P,Owner
Ahrens C. Brant,Owner
Raney Scott Campbell,Owner
Weinstein Glen Daniel,Owner
BRYSON DAVID C,Owner
COLO DAVID,Owner
Foglio Anthony P.,Owner
Bharwani Denesh,Owner
RENDUCHINTALA VENKATA S M,Owner
SWAN MARA E,Owner
Griesemer John F,Owner
SCHNUCK CRAIG D,Owner
HOGUE DENNIS,Owner
Coker R. Howard,Owner
STORCH CHRISTIAN,Owner
Henderson Jay L,Owner
CLARK CHRISTOPHER D,Owner
BLEY DANIEL,Owner
O'Donovan Mark,Owner
Friedman Stacey,Owner
LYONS ROBERT C,Owner
Colquitt Walter T III,Owner
Nornhold Jeffrey,Owner
TRUST FBO ALTSCHUL ARTHUR G  JR UAD 12 15 72,Owner
GRIFFITH JOHN D,Owner
LEBOVITZ CHARLES B,Owner
Suit John M II,Owner
Agrawal Ashish,Owner
Patton Cynthia M,Owner
WLR Recovery Associates III LLC,Owner
Elbogen Noah A.,Owner
Schneider John M.,Owner
SCHLENKER RICHARD L JR,Owner
COLES N ANTHONY,Owner
"Centerbridge Special Credit Partners II AIV III, L.P.",Owner
PEER DEVELOPMENTS LTD,Owner
Mudge Daniel,Owner
BURZIK CATHERINE M,Owner
ALLEN JEFFRY R,Owner
BRADLEY CHARLES E JR,Owner
Champion Christopher O,Owner
Kirkpatrick Lee,Owner
Potter Ian,Owner
Lawson Scott P,Owner
BAREUTHER JAMES L,Owner
LaSalvia Ronald,Owner
DUNN TERRENCE P,Owner
HYDE JOSEPH R III,Owner
Gozani Shai,Owner
ZAFIROPOULO ARTHUR W,Owner
Harton John Patrick,Owner
GREEN DARRYL,Owner
DAVIS ANGUS B,Owner
TRUST F B O ALTSCHUL STEPHEN F U A D 10 22 58,Owner
DEEGAN GLENN E,Owner
Jain Maheesh,Owner
MADAR GREGORY,Owner
Reasons Bryan M.,Owner
TRUST FBO ALTSCHUL CHARLES UAD 12 15 72,Owner
LEBOVITZ STEPHEN D,Owner
KENNEDY JOHN JED,Owner
FANN GEORGE H JR,Owner
Masselli Sandy J Jr,Owner
RAKOLTA JOHN JR,Owner
MCNAMEE BRIAN M,Owner
LEVIN GREGORY,Owner
RIGGINS STEPHEN C,Owner
Hall John Robert III,Owner
"Versant Side Fund IV, L.P.",Owner
Davidson Jonathan,Owner
NIELSEN STEVEN E,Owner
QUARLES DAVID A,Owner
ESTES TIMOTHY R,Owner
George Simeon,Owner
GLAXOSMITHKLINE PLC,Owner
Golden Deborah A,Owner
DUBOIS CAREY J,Owner
Lober Ralph J II,Owner
MUCKIAN WILLIAM M,Owner
Franklin Nicholas S,Owner
KOONCE NEIL W,Owner
Woram Brian J,Owner
Burns Robert,Owner
Portia Sue Perrotty,Owner
DILLARD MIKE,Owner
Watts Phillip R.,Owner
Dillard William T. III,Owner
CHANDRASHEKAR SRIRAM,Owner
Harrison E Hunter,Owner
Goldberg Brian,Owner
BUCHBAND RICHARD,Owner
Redeker Michael John,Owner
MEYERCORD EDWARD,Owner
Reich Briton,Owner
BLANKENSHIP GEORGE D,Owner
NAGEL VERNON J,Owner
Black Mark A,Owner
Harkness Eric D.,Owner
Lucke Daniel J,Owner
Medici Frank,Owner
Brooks David R,Owner
Gervais Laurie L,Owner
Murphy Lauren L,Owner
BROUILLARD RHEO A,Owner
Tully Kevin B,Owner
ALDER KENTON K,Owner
Hochberg Philip Scott,Owner
DOWNS CHRISTOPHER Y,Owner
WILLIAMS KIRK O,Owner
BOESENBERG CHARLES,Owner
Hagee Michael William,Owner
YOUNG BRIAN D,Owner
Wallace James H,Owner
Nash Kevin C,Owner
SCHNECK JAMES J,Owner
TRUST FBO ALTSCHUL SERENA UAD 12 15 72,Owner
BUCK CARL N,Owner
SAROFIM FAYEZ,Owner
CARLSON THOMAS J,Owner
BATEMAN GILES H,Owner
Thomason Linton J,Owner
TURNER JOSEPH W,Owner
STEINERT EARL A JR,Owner
BROWN JULIE A,Owner
FRAZIER LARRY D,Owner
BARCLAY WILLIAM E,Owner
Pitt Douglas M,Owner
Haden Grant Q.,Owner
Verma Vikram,Owner
"Versant Venture Capital V, L.P.",Owner
CREATURA MARK,Owner
Murray Steven J,Owner
THOMPSON SAMME L,Owner
Mason Christopher,Owner
TOMPKINS NICHOLAS,Owner
ELMORE JOHN C.,Owner
Norton Thomas F,Owner
Kaminski Jeff,Owner
PRAW ALBERT Z,Owner
Vahaviolos Sotirios J.,Owner
McNiff Michael S.,Owner
LITCHFORD MIKE,Owner
DILLARD WILLIAM T II,Owner
Pfeiffer Johan Fredrik,Owner
REECE RICHARD K,Owner
HESS DEAN H,Owner
"Berkley Capital, LLC",Owner
Hobart Brian E,Owner
Wood Jonathan S,Owner
Little Paul R,Owner
Marcotte Robert L,Owner
KING NUALA M,Owner
Asrat Mekonnen P.,Owner
Conceicao Cassio,Owner
Oatman Heather Marie,Owner
Patrick John J Jr.,Owner
TRUST FBO ALTSCHUL EMILY H UAD 12 15 72,Owner
ALTSCHUL ARTHUR G JR,Owner
Singer Harry,Owner
Hylen Christopher,Owner
Ward Robert,Owner
Schwimmer Howard,Owner
MARTIN BRYAN R,Owner
MOLINA JOHN C,Owner
Hakeman Darren J.,Owner
"Frontier Merger Sub, LLC",Owner
Spiro Alex,Owner
KELLOGG PETER R,Owner
TERRY CHRIS,Owner
Ross Kimberly A.,Owner
HARATUNIAN MELANIE,Owner
MCCONNELL RICK M,Owner
Ajdler Arnaud,Owner
Shafer Matthew T,Owner
WILKIN NEIL D JR,Owner
Braendeland Jan Egil,Owner
Abdi Behrooz L.,Owner
Garber Mitchell Alan,Owner
POLLI GREGORY,Owner
SALZMAN ERIC,Owner
Calcaterra Chris M.,Owner
HALEY JEFFREY V,Owner
Gregg Richard,Owner
DRAUGHN JAMES B,Owner
SCOTT MARK E,Owner
SURBER RICHARD D,Owner
HECKER GUY L JR,Owner
FEIGH BREHT T,Owner
DRISCOLL JOHN PATRICK,Owner
Norwalk Leslie V,Owner
Deepak Nayar,Owner
Ryan Patrick T,Owner
Cmielewski Patricia,Owner
Riskind Patricia L.,Owner
Greskoviak Joseph P,Owner
Anderson Devin J,Owner
ZOOK DENNIS R,Owner
Vachris Roland Michael,Owner
SCHUTT DOUGLAS W,Owner
Rose Timothy L.,Owner
Murphy James P.,Owner
CAMPBELL H STUART,Owner
McKay John D,Owner
LAZARUS FRANZ E,Owner
JELINEK W CRAIG,Owner
BROTMAN JEFFREY H,Owner
GRILLO ANTHONY,Owner
Rockey Joseph E,Owner
LIBENSON RICHARD M,Owner
WETMORE EDWARD C,Owner
WALTER LUC,Owner
Kardys Richard,Owner
GREEN PHILLIP D,Owner
FROST PATRICK B,Owner
Berman Bobby,Owner
BRACEWELL JOSEPH S,Owner
FRYE LATOSHA M,Owner
Aamir Mir,Owner
Frankel Michael S.,Owner
Morben Paul Keith,Owner
RBS PARTNERS L P /CT,Owner
Singh Jaswinder Pal,Owner
Vanke Troy J,Owner
Cohen Michael Daniel,Owner
MORENO JEANNE M,Owner
Johnson Susan S,Owner
GENOVESE MARRY ELLEN P,Owner
Delorey Clifford M,Owner
Zane Ellen M,Owner
Glaser John P,Owner
ROTH GREG,Owner
SNYDERMAN RALPH,Owner
Parady Steven,Owner
Olivier Paul,Owner
Bracher Paul,Owner
BRICE TODD A,Owner
PRINCE CHARLES,Owner
TELANDER JAN,Owner
CHAMBON PHILIPPE,Owner
Ho Doreen Woo,Owner
McBride John P,Owner
Rustowicz Gregory P,Owner
ATKINSON GARY KEVIN,Owner
COHANE NEAL,Owner
WRIGHT DAVID,Owner
Armstrong Steve,Owner
JONAS DAVIDI,Owner
ZAZWORSKY LEON,Owner
SLOAT JULIA A,Owner
McLain Timothy S.,Owner
HUPP ALICIA J,Owner
DEROBERTS JAMES R,Owner
JACKSON DARREN R,Owner
Nagy Zoltan,Owner
CHAPMAN ROBERT R,Owner
Modruson Frank Blaise,Owner
HENSELER PETER J,Owner
Boigegrain Barbara A,Owner
GUNST ROBERT A,Owner
CZIRR JAMES C,Owner
"10X Capital Management, LLC",Owner
Kilguss George E III,Owner
Ulenberg Stephen John,Owner
BEHBEHANI TAHER G.,Owner
MCCANN ALEXANDER,Owner
Pietkiewicz Steve,Owner
Dewan Feroz,Owner
Gupta Ashwini,Owner
Campbell Scott A.,Owner
Fitzgerald Mike,Owner
BISHOP JOHN L,Owner
LILLY CLAUDE C III,Owner
WARMENHOVEN DANIEL J,Owner
Hamilton Vernon O,Owner
"Nokomis Capital, L.L.C.",Owner
ALLISON RICHARD E JR,Owner
Kafka Steven J.,Owner
Flohn Thomas A,Owner
Boswell Stephen T.,Owner
Kattos Andrew N,Owner
BORNEMAN J RALPH JR,Owner
Morris Ronnie,Owner
SHORE BRIAN E,Owner
DIKER CHARLES M,Owner
ROBERTS CHRISTOPHER G,Owner
Blanchfield Dale,Owner
Sharpe Fred F,Owner
Korte Daniel G.,Owner
CROWLEY RUTH M,Owner
WARMACK DAMON CARY,Owner
McDevitt Michael E,Owner
STEINBERG JOSEPH S,Owner
Nickloy Lee R.,Owner
HATFIELD JOHN S.,Owner
GULDNER JEFFREY B.,Owner
JACIMOVIC VLADIMIR S,Owner
Lathi Vijay K,Owner
MATHIAS ROBERT J,Owner
THIEDE CARMEN D,Owner
TAYLOR RICK,Owner
ONEILL ROBERT E,Owner
Kambeitz Stephen J.,Owner
ENGLEFIELD F W IV,Owner
ALVARADO DONNA M,Owner
FOSTER WATT R JR,Owner
Batycky Richard P.,Owner
RUDNICK ELLEN A,Owner
MCDONNELL PATRICK J,Owner
GILL PHUPINDER,Owner
Kaufman Richard E,Owner
Indelicarto Thomas C,Owner
BIDZOS D JAMES,Owner
ZERIO DONALD P,Owner
CHANTALAT V PAUL,Owner
REAY ROBERT,Owner
Shammo Francis,Owner
MAIER LOTHAR,Owner
KOCMOND WARREN C JR,Owner
PERSING DAVID H,Owner
Spray Craig B,Owner
Hendrickson Brett,Owner
Ryan Jason,Owner
Palmer Thomas W,Owner
Stover Richard L,Owner
LUCORE GEORGE R,Owner
WILBURN ROBERT C,Owner
Sheffield Martin,Owner
Hagen Jonathan Hirt,Owner
Carbone James N,Owner
BESANKO BRUCE H,Owner
"Delta Partners GP, LLC",Owner
GULFPORT ENERGY CORP,Owner
GOMEZ BARBARA M,Owner
Danner Denise R,Owner
Bonvini Ezio,Owner
FROETSCHER DANIEL T,Owner
Schiavoni Mark A.,Owner
Straehla Arty,Owner
Nall Michael W.,Owner
HATFIELD JAMES R,Owner
Chandler Marsha Alpert,Owner
HUEBNER BRUCE A,Owner
ARNOLD LYLE J,Owner
Reiss Claire,Owner
BEMENT ROBERT S,Owner
Eberwein Jeffrey E.,Owner
ECKEL ELIZABETH B,Owner
LIU DAVID,Owner
Noons Mary E.,Owner
ALGIERE DENNIS L,Owner
BERG GERRY B,Owner
Kinney Gene G.,Owner
DIXON TIMOTHY G,Owner
Ennis Thomas C.,Owner
Friedman Andrew S.,Owner
HOLT KENNETH L,Owner
Christian Mark A,Owner
VERDOORN RON,Owner
LAWRIE JOHN M,Owner
FITCH SANFORD,Owner
MAHON PAUL A,Owner
Heller Michael,Owner
SHEER DANIELLE,Owner
Kramer Stephen Howard,Owner
GLABE MARLA F,Owner
ROBINSON SAMUEL D.,Owner
Rivelle Tad,Owner
Leshin Laurie A,Owner
Goldstein Richard I,Owner
BROWN SIDNEY R,Owner
KISSNER MATTHEW S,Owner
Hannan Walter T.,Owner
Centurion Alejandro,Owner
Boyd Susanne King,Owner
Knight Jeffrey L,Owner
Williams Daugherty Julie,Owner
Sandgren James A,Owner
Ryan James C III,Owner
AUFZIEN ALAN L,Owner
Pinover Eugene A,Owner
Richardson Julie,Owner
Layton Mark E.,Owner
Kennedy Timothy,Owner
Gerhardt Bruce,Owner
Singh Veena,Owner
Wilson Margaret Faye,Owner
Clements Teri,Owner
BABB RALPH W JR,Owner
Gormley Debra A.,Owner
Janes Maria N,Owner
Pereira Lincoln,Owner
Kice Tiffany B.,Owner
Thorsen Steven L. JR,Owner
Poppen Joel L,Owner
LILIEN R JARRETT,Owner
Nix Robert N.C. III,Owner
Drucker Charles,Owner
STOEHR DAVID L,Owner
MCDANIEL RAYMOND W,Owner
McManus Victoria,Owner
KRUGER WARREN F,Owner
VAGUE RICHARD,Owner
Manning Anne,Owner
FURMAN WILLIAM A,Owner
BAKER MARTIN RAYMOND,Owner
FUTURELAND CORP.,Owner
Heerdt Kari D,Owner
Bulldog Investors General Partnership,Owner
"Full Value Offshore Fund, Ltd.",Owner
VARILEK JAMES A,Owner
Baker Mari Jean,Owner
Rost Gregory S.,Owner
Goldstein Richard A,Owner
GOLDSTEIN JEFFREY D,Owner
Grinnell David L.,Owner
COHEN DAVID L,Owner
Wood Michael I.,Owner
EBAY INC,Owner
Lokuge Ishantha,Owner
COX MARK ALAN,Owner
FRIEDMAN PAUL A,Owner
SEGELOV DAVID,Owner
Coombs Paul B,Owner
NILSON RON,Owner
STOPHER KELLY,Owner
Gorrill Lindsay Edward,Owner
HEFFES BRETT D,Owner
ELDER WILLIAM W R,Owner
HEVIA JORGE,Owner
FLEMING MICK,Owner
BIONDI FRANK,Owner
Tilenius Stephanie,Owner
Saxon Michael J,Owner
Moyo Dambisa F,Owner
Onken Kristen M,Owner
"ArcLight Capital Holdings, LLC",Owner
VOYLES MICHAEL J,Owner
Kohlwes Gary F,Owner
ACKERMAN JOEL,Owner
talari sam,Owner
Moline Rene,Owner
McDaniel Liliana C,Owner
BELL GEORGE,Owner
SWOBODA CHARLES M,Owner
Kozicz Gregory J.,Owner
GOLDSTEIN ROBERT S,Owner
Fouss Barbara J,Owner
Biumi Bonnie,Owner
GLAZER ALAN,Owner
Jilla Rustom,Owner
Balo Andrew K,Owner
WALT DAVID R,Owner
Parkinson David Ross,Owner
MCKEE WILLIAM,Owner
Arbuckle Stuart A,Owner
Hutz David,Owner
POWER THOMAS,Owner
McKinney Paul D.,Owner
COLEMAN WILLIAM T III,Owner
PARK CHONG SUP,Owner
Enogex Holdings LLC,Owner
MODOFF BRIAN,Owner
Poole Sandra,Owner
Ho Cheuk Fund,Owner
RENKEN KEITH,Owner
Goldberg Evan,Owner
Earnhardt Lisa,Owner
BARRAMEDA SADIA P,Owner
BROMLEY MARCUS E,Owner
Daniels Lee A,Owner
Shaw Daren,Owner
EMARD ABRAHAM RICHARD,Owner
MacIlwaine John,Owner
Nackel John G.,Owner
SMITH BARRY M,Owner
Litton Mark James,Owner
Miiller Ronald L,Owner
Marrazzo Jeffrey D,Owner
HAMMER N ROBERT,Owner
CAROLAN BRIAN,Owner
Furness Bruce,Owner
Hunt Timothy,Owner
Savageau Richard,Owner
Wieland James,Owner
Wolf Lance,Owner
Haugen Timothy,Owner
Swenson Brad,Owner
SARANDOS THEODORE A,Owner
Wigginton Jon Marc,Owner
Dastoor Meheryar K,Owner
PETERS WILLIAM E,Owner
BORGES STEVEN D,Owner
Cheung Wilson Wai-Shun,Owner
Angle Colin M,Owner
Alexander DeLisa,Owner
CASEY MICHAEL D,Owner
BENTLEY J THOMAS,Owner
FASCI MICHAEL E,Owner
Sagehorn David M.,Owner
PI ZHOUYUE,Owner
Smith Gordon,Owner
SHAMES ERVIN R,Owner
Koch Monte JM,Owner
House Todd,Owner
Hollingshead James,Owner
Tam Benjamin C.K.,Owner
Hubenette Antoinette T.,Owner
HALVORSEN KRIS,Owner
Emancipation Capital,Owner
Fearing Clifford P,Owner
Hansen James,Owner
Stock Angela Dawn,Owner
Loparco Michael J,Owner
RYAN COURTNEY J,Owner
MCGEE JOSEPH A,Owner
ALEXANDER FORBES I J,Owner
LAMPEREUR ANDREW,Owner
Visser Chris K.,Owner
Loughran Robert,Owner
VASQUEZ JAIME,Owner
"Legion Partners Holdings, LLC",Owner
TAGUE JOHN P,Owner
SACHS BRUCE I,Owner
MAUPIN JOHN E JR D D S,Owner
CHIDSEY JOHN,Owner
Rose Randy James,Owner
JEANQUART LOUIS JAMES,Owner
FULWILER TERRENCE R,Owner
Dykema John Nicholas,Owner
Magennis Elizabeth,Owner
Jacoby Francis X III,Owner
GOLDBERG MICHAEL M,Owner
WALTERS KEITH S,Owner
Nicholas Heidi A,Owner
WARD MICHAEL J,Owner
HORMELL ROBERT A,Owner
YNOFACE Holdings Inc,Owner
Baker Stephen W,Owner
Whitehurst James M,Owner
Cunningham Michael,Owner
CALDERONI FRANK,Owner
KONDO CHRIS,Owner
Svane Mikkel,Owner
GIVEN DOUGLAS B,Owner
WO ROBERT W JR,Owner
Mathews William B.,Owner
HURET ROBERT A,Owner
Mitchell Craig,Owner
Garcia Sergio,Owner
Tan Lay Koon,Owner
MASAREK ALAN,Owner
CARTER MILLER JOYCELYN,Owner
Roberts Thomas W,Owner
SEIDENBURG J DOUGLAS,Owner
Waldron Greg,Owner
MCMURRY FRED A,Owner
Chiniara Ellen,Owner
Franklin Chris,Owner
Ernst Albert,Owner
JEPSEN EDWARD G,Owner
Tholen James Albert,Owner
Hoffpauir Scott D.,Owner
Schoch William J,Owner
Zadoks Jeff A,Owner
VITALE ROBERT V,Owner
Kane Charles Francis,Owner
FABERMAN STEPHEN H,Owner
Chandra Shalabh,Owner
MILLER MICHAEL PATRICK,Owner
DURCAN DERMOT MARK,Owner
Welch Joseph L,Owner
Stewart Gordon Bennett III,Owner
Frichtel Robert Lawrence,Owner
LAZARUS INVESTMENT PARTNERS LLLP,Owner
Nielsen Sarah N,Owner
CHRISTOPOUL THOMAS,Owner
CROOK MICHAEL,Owner
Blair Linda H,Owner
Hayes Rejji P,Owner
Jipping Jon E,Owner
Oginsky Daniel J,Owner
Garg Vipin K,Owner
Mason Soneral Christine,Owner
SHAW L EDWARD JR,Owner
WEYERS ROBERT J,Owner
MURPHY WILLIAM D,Owner
Ghidorzi Christopher J.,Owner
AGNEW ROBERT W,Owner
TSANG PO YEE BELLA,Owner
Guillemette Larry T,Owner
COLBERT VIRGIS,Owner
Yellin Seth M,Owner
OBEROI ARUN,Owner
CORMIER PAUL J,Owner
HENNESSY JOHN L,Owner
Srouji Johny,Owner
Fulton Scott,Owner
EVRENSEL ARTHUR,Owner
Nichols Victor K,Owner
SLATER RICHARD J,Owner
SCHULMAN DANIEL H,Owner
Roenigk Mark,Owner
Gustafson David R,Owner
BOYLAN PETER C,Owner
O LEARY HAZEL,Owner
Tessler Michael,Owner
GRAY DIEDRE J,Owner
STEPHENS THOMAS G,Owner
Lopez Dave R,Owner
Degnan Steven Scott,Owner
SELIG ALLAN H,Owner
Kornberg David G,Owner
Driscoll Kean,Owner
KALINOSKI MICHAEL,Owner
STOLZE JAMES M,Owner
PHILLIPPY ROBERT J,Owner
MANSFIELD WILLIAM L,Owner
HERSHBERGER CHARLES L,Owner
Jones Daniel S,Owner
KESTER CARL W,Owner
HUBBARD ROBERT GLENN,Owner
Folkers Scott C,Owner
HICKEY DOUGLAS T,Owner
HELMER MAUREEN O,Owner
Soccio Phillip,Owner
WOOD PHOEBE A,Owner
ODOM JUDY C,Owner
MCCLANATHAN JOSEPH W,Owner
Smith Gordon H,Owner
MORSE JOHN B JR,Owner
KOROLOGOS ANN MCLAUGHLIN,Owner
GOLDEN TERENCE C,Owner
MARY BAGLIVO,Owner
Brunner Robert E,Owner
COLE M RAY JR,Owner
PARKER TED E,Owner
Mullen Walter J III,Owner
GIBSON E RICKY,Owner
DARDEN CALVIN,Owner
GENSON BRIAN S,Owner
Knupp Catherine A.,Owner
Lewis Clinton A. Jr.,Owner
PECK KRISTIN C,Owner
SAYER KEVIN R,Owner
BENNETT MONTGOMERY J,Owner
Pershing John E,Owner
"SPE Master I, L.P.",Owner
Serianni Charles F,Owner
RODRIGUEZ RAMON A,Owner
"Sigma Associates 8, L.P.",Owner
"Sigma Investors 8, L.P.",Owner
NUTTER WALLACE LEE,Owner
HENDRICKSON DAVID S,Owner
Kirk Jennifer M,Owner
Hughes Jeffrey A,Owner
GOEBEL BRIAN A,Owner
Ellingsen Catharine D,Owner
Dunwoody Ann E.,Owner
CROWNOVER JAMES W,Owner
CST Services LLC,Owner
NASSAU HENRY N,Owner
DOBROWSKI THOMAS E,Owner
Cotton Leonard W,Owner
Foley John James,Owner
HENRY MICHAEL ARTHUR,Owner
WALLS ROBERT H JR,Owner
"International Health Products, Inc.",Owner
Socolof Stephen,Owner
NV PARTNERS IV C L P,Owner
Krieger Daryl Wayne,Owner
FOLGER ANTHONY,Owner
Hoyt Mark Stephen,Owner
Olivier Leon J,Owner
Dummett Steven R,Owner
Heidemann Donald L,Owner
GARBERDING LARRY,Owner
MCNAMEE GEORGE C,Owner
Kenausis Gregory,Owner
MITCHELL JAMES E,Owner
MATHRANI SANDEEP,Owner
Bair Sheila Colleen,Owner
BLACK STEVEN H,Owner
Rogoff Richard B.,Owner
Soh Simon,Owner
STETELMAN ANDREW D,Owner
LIGHTSEY CHARLES R,Owner
BOMBOY DAVID W,Owner
DOBSON JULIE A,Owner
Bernal Alejandro,Owner
Chen Heidi C.,Owner
Alaix Juan Ramon,Owner
Grosvenor John C.,Owner
Riggsbee Richard Bryan,Owner
TRANI JOHN M,Owner
"Sigma Management 8, L.L.C.",Owner
LARSON MICHAEL,Owner
Kadre Manuel,Owner
HANDLEY THOMAS W,Owner
Collins Tomago,Owner
EDELMAN MARTIN L,Owner
POWELL CURTIS K,Owner
Donahue Kenneth Leo,Owner
Kay Ronald T,Owner
Keefe Michael C,Owner
KANTOR EDWIN,Owner
MCBRADY MATTHEW R,Owner
Hawthorne Douglas D.,Owner
GARMAN ANDREW,Owner
UHLMAN THOMAS M,Owner
Hebert Peter,Owner
Wade Molly,Owner
"Lux Ventures II, L.P.",Owner
OBOYLE KEVIN C,Owner
Drayton Claudia,Owner
HANOVER MARC STEVEN,Owner
GIBSON JOHN WILLIAM,Owner
MALCOLM STEVEN J,Owner
CRYSTAL STEVEN,Owner
Cadieux Chester III,Owner
HOUSEL DAVID E,Owner
HAM WILLIAM F JR,Owner
RALLS W MATT,Owner
Ables Dorothy M,Owner
SCHNATTER JOHN H,Owner
MYERS TIMOTHY DONALD,Owner
RAND JONATHAN,Owner
Strine John H,Owner
Snyder Mark S,Owner
Whiting Susan D,Owner
Ancius Michael J,Owner
Van Orden John L,Owner
Oestreich Dean C,Owner
BENNETT MICHAEL L,Owner
Hansen J. Michael,Owner
BROWN HYATT J,Owner
MILLER KATHLEEN M,Owner
MCINTOSH BRUCE C,Owner
Flugel Russell A,Owner
Crocco Michael S,Owner
BRACEY VERNON L,Owner
Neeleman Stephen,Owner
Woodson Bret A,Owner
Bukofzer Stan,Owner
"Hug, Gerard Francis",Owner
O'Connell Rory,Owner
SMITH RICHARD D /CO/,Owner
FRALEY ROBERT T,Owner
Swanson Eric A,Owner
Commonwealth Capital Ventures IV L P,Owner
Irwin Michael Scott,Owner
Matrix VIII US Management Co. LLC,Owner
Reiss Stan J,Owner
MATRIX PARTNERS VIII L P,Owner
Van Winkle Don P.,Owner
JACOBS WILLIAM I,Owner
Tesoro Thomas,Owner
Quinlan Paul T,Owner
TATA RATAN,Owner
BRAZY ARTHUR P JR,Owner
KOPPEL MICHAEL G,Owner
PYOTT DAVID E I,Owner
HANSEN BRUCE D,Owner
NORRIS JOHN W III,Owner
MITCHELL MAX H,Owner
GRIFFIN DAVID F,Owner
Lux Ventures II Sidecar LP,Owner
BLACKFORD GARY,Owner
Garner Ben,Owner
turpen michael c,Owner
Baker Randal W,Owner
CRAFT JOSEPH W III,Owner
HARGIS V BURNS,Owner
Feurer Michael,Owner
JOULLIAN EDWARD C IV,Owner
BELL SHARON,Owner
Boswell Robert S,Owner
Wei Zhixiong,Owner
Huey Wayne Jr,Owner
Renschler Scott Arnold,Owner
Sanders Carol P,Owner
OTOOLE THOMAS F,Owner
ALLEN PATRICK E,Owner
WELD WILLIAM F,Owner
COVEY PATRICK M,Owner
Fahrenkrug Carl,Owner
Casey Erin C,Owner
Thompson Joseph Scott,Owner
BERNARD BETSY J,Owner
Rosenthal Brent David,Owner
Netzky Pamela L.,Owner
HEGYI MARCO,Owner
LITCHFIELD STEVEN G,Owner
WILLIAMS DEREK G,Owner
Minick Daniel T,Owner
WILSON JOHN MICHAEL,Owner
SORRELL MARTIN,Owner
SADOVE STEPHEN I,Owner
DIPAOLO NICHOLAS P,Owner
BOIANO MARGARET A,Owner
Leach Kevin,Owner
Rezai Ebrahim,Owner
KNAPP ROBERT C,Owner
MEEKS JAMES E,Owner
Cannella Margaret M,Owner
CLARK CLESTEEN A,Owner
REED COLIN V,Owner
Kauper William P.,Owner
Engels John P,Owner
LAROCQUE PETER,Owner
Kamdar Kim P.,Owner
Cumming Lawrence R,Owner
Ecock Anthony F,Owner
Wilkey Thomas H,Owner
MOORE DAVID W.,Owner
Bates David J,Owner
Swanson Malcolm L,Owner
Jacobs Jeffrey W,Owner
CLAYTON KEVIN T,Owner
HESS DONALD E,Owner
Williams Thomas Anderson,Owner
CARDWELL F LANE JR,Owner
Mena Victor Hugo,Owner
SCHLICHTING NANCY M,Owner
Lederer John Anthony,Owner
HUANG JEN HSUN,Owner
GABELLI MARIO J,Owner
Hazelton Brian Daniel,Owner
Agrawal Neeraj,Owner
Bhattacharya Ashis Nayan,Owner
Anquillare Mark V,Owner
MCGRATH JOHN,Owner
Steines Robert Joseph,Owner
Smith Cynthia M,Owner
Theisen Sonja Anne,Owner
WADORS PATRICIA L,Owner
Pharmstandard International S.A.,Owner
Public Joint Stock Co Pharmstandard,Owner
Clossey Timothy,Owner
MARLO DENNIS S,Owner
ROATH ROBERT S,Owner
Hepner Craig M,Owner
Stoudt Mark,Owner
KINGRY MARC N,Owner
Armstrong John M.,Owner
Reynolds Daniel,Owner
GUGGENHIME ANDREW,Owner
BINDER STEVEN G,Owner
Tanner Bruce L,Owner
Dall Marcia A,Owner
Thiry Jan R,Owner
Cost David W Jr,Owner
Wendell Amy McBride,Owner
MARIANI PETER J,Owner
Crail Dietrich J.,Owner
Zaderej Karen L.,Owner
FORD DAVIS L,Owner
GONIGAM TIMOTHY D,Owner
Colwell Chris E,Owner
SMITH W NORMAN,Owner
CLEMMER R. MICHAEL,Owner
FIKE DAVID A.,Owner
Wilson John H,Owner
Mason Frank E III,Owner
DerSimonian Harout,Owner
Briley Linda Sue,Owner
Skena David,Owner
O'Neill Jeffrey J,Owner
PARISH RHONDA J,Owner
Murphy Dominic,Owner
BRAILER DAVID J,Owner
Drell Persis,Owner
Batchelder Eugene L.,Owner
TABORS R DAVID,Owner
Seale R. H.,Owner
Madden Dan,Owner
"Sagard Capital Partners GP, Inc.",Owner
Finkel Kevin M,Owner
Kranov Jon,Owner
Kuiper William,Owner
Adler Thomas Michael,Owner
SCRUGGS FRANK P JR,Owner
MORRIS CHRISTOPHER TODD,Owner
"Headlands Capital Management, LLC",Owner
Brooks Daniel W,Owner
